-- MySQL dump 10.13  Distrib 8.0.41, for Win64 (x86_64)
--
-- Host: localhost    Database: lexica
-- ------------------------------------------------------
-- Server version	8.0.41

/*!40101 SET @OLD_CHARACTER_SET_CLIENT=@@CHARACTER_SET_CLIENT */;
/*!40101 SET @OLD_CHARACTER_SET_RESULTS=@@CHARACTER_SET_RESULTS */;
/*!40101 SET @OLD_COLLATION_CONNECTION=@@COLLATION_CONNECTION */;
/*!50503 SET NAMES utf8mb4 */;
/*!40103 SET @OLD_TIME_ZONE=@@TIME_ZONE */;
/*!40103 SET TIME_ZONE='+00:00' */;
/*!40014 SET @OLD_UNIQUE_CHECKS=@@UNIQUE_CHECKS, UNIQUE_CHECKS=0 */;
/*!40014 SET @OLD_FOREIGN_KEY_CHECKS=@@FOREIGN_KEY_CHECKS, FOREIGN_KEY_CHECKS=0 */;
/*!40101 SET @OLD_SQL_MODE=@@SQL_MODE, SQL_MODE='NO_AUTO_VALUE_ON_ZERO' */;
/*!40111 SET @OLD_SQL_NOTES=@@SQL_NOTES, SQL_NOTES=0 */;

--
-- Table structure for table `module_levels`
--

DROP TABLE IF EXISTS `module_levels`;
/*!40101 SET @saved_cs_client     = @@character_set_client */;
/*!50503 SET character_set_client = utf8mb4 */;
CREATE TABLE `module_levels` (
  `id` int NOT NULL AUTO_INCREMENT,
  `name` varchar(10) NOT NULL,
  `slug` varchar(20) NOT NULL,
  `display_order` int NOT NULL,
  `created_at` timestamp NULL DEFAULT CURRENT_TIMESTAMP,
  PRIMARY KEY (`id`),
  UNIQUE KEY `name` (`name`),
  UNIQUE KEY `slug` (`slug`)
) ENGINE=InnoDB AUTO_INCREMENT=5 DEFAULT CHARSET=utf8mb4 COLLATE=utf8mb4_0900_ai_ci;
/*!40101 SET character_set_client = @saved_cs_client */;

--
-- Dumping data for table `module_levels`
--

LOCK TABLES `module_levels` WRITE;
/*!40000 ALTER TABLE `module_levels` DISABLE KEYS */;
INSERT INTO `module_levels` VALUES (1,'A1-A2','beginner',1,'2025-05-21 11:27:19'),(2,'B1-B2','intermediate',2,'2025-05-21 11:27:19'),(3,'C1-C2','advanced',3,'2025-05-21 11:27:19');
/*!40000 ALTER TABLE `module_levels` ENABLE KEYS */;
UNLOCK TABLES;

--
-- Table structure for table `module_quiz_questions`
--

DROP TABLE IF EXISTS `module_quiz_questions`;
/*!40101 SET @saved_cs_client     = @@character_set_client */;
/*!50503 SET character_set_client = utf8mb4 */;
CREATE TABLE `module_quiz_questions` (
  `id` int NOT NULL AUTO_INCREMENT,
  `module_id` int NOT NULL,
  `question_text` text NOT NULL,
  `question_type` varchar(20) NOT NULL DEFAULT 'multiple_choice',
  `options` json NOT NULL,
  `correct_answer` text NOT NULL,
  `created_at` timestamp NULL DEFAULT CURRENT_TIMESTAMP,
  PRIMARY KEY (`id`),
  KEY `idx_module_quiz_questions_module_id` (`module_id`),
  CONSTRAINT `module_quiz_questions_ibfk_1` FOREIGN KEY (`module_id`) REFERENCES `modules` (`id`) ON DELETE CASCADE
) ENGINE=InnoDB AUTO_INCREMENT=362 DEFAULT CHARSET=utf8mb4 COLLATE=utf8mb4_0900_ai_ci;
/*!40101 SET character_set_client = @saved_cs_client */;

--
-- Dumping data for table `module_quiz_questions`
--

LOCK TABLES `module_quiz_questions` WRITE;
/*!40000 ALTER TABLE `module_quiz_questions` DISABLE KEYS */;
INSERT INTO `module_quiz_questions` VALUES (92,75,'Сколько букв в английском алфавите?','multiple_choice','[\"24\", \"25\", \"26\", \"27\"]','26','2025-05-30 15:43:51'),(93,75,'Какая из этих букв — гласная?','multiple_choice','[\"B\", \"C\", \"E\", \"G\"]','E','2025-05-30 15:43:51'),(94,75,'Как правильно произносится буква H?','multiple_choice','[\"эйч\", \"аш\", \"эйдж\", \"эй\"]','эйч','2025-05-30 15:43:51'),(95,75,'Какое слово написано правильно?','multiple_choice','[\"Kat\", \"Cat\", \"Cet\", \"Cut\"]','Cat','2025-05-30 15:43:51'),(96,75,'Какая буква идёт после G?','multiple_choice','[\"F\", \"H\", \"I\", \"J\"]','H','2025-05-30 15:43:51'),(97,75,'Напишите по-английски: \"кот\"','input','[]','cat','2025-05-30 15:43:51'),(98,75,'Напишите первую букву слова \"dog\"','input','[]','d','2025-05-30 15:43:51'),(99,75,'Напишите по-английски: \"солнце\"','input','[]','sun','2025-05-30 15:43:51'),(100,75,'Напишите последнюю букву слова \"book\"','input','[]','k','2025-05-30 15:43:51'),(101,75,'Напишите по-английски: \"мама\"','input','[]','mom','2025-05-30 15:43:51'),(102,76,'Какое приветствие формальное?','multiple_choice','[\"Hello\", \"Good morning\", \"Hey\", \"Hi\"]','Good morning','2025-05-30 15:47:23'),(103,76,'Как вы скажете \"Привет\" неформально?','multiple_choice','[\"Good evening\", \"Good afternoon\", \"Hello\", \"Hey\"]','Hey','2025-05-30 15:47:23'),(104,76,'Что означает \"Good evening\"?','multiple_choice','[\"Доброе утро\", \"Добрый день\", \"Добрый вечер\", \"Пока\"]','Добрый вечер','2025-05-30 15:47:23'),(105,76,'Какой ответ на \"How are you?\" более формален?','multiple_choice','[\"I’m fine, thanks\", \"I’m good\", \"All right\", \"Not bad\"]','I’m fine, thanks','2025-05-30 15:47:23'),(106,76,'Как вы попрощаетесь в конце вечера?','multiple_choice','[\"See you soon\", \"Good morning\", \"Hey there\", \"Hello\"]','See you soon','2025-05-30 15:47:23'),(107,76,'Переведите на английский: \"Привет\"','input','[]','hello','2025-05-30 15:47:23'),(108,76,'Напишите формальное \"Добрый день\"','input','[]','good afternoon','2025-05-30 15:47:23'),(109,76,'Вставьте: \"____, how are you?\"','input','[]','hello','2025-05-30 15:47:23'),(110,76,'Переведите: \"Пока\"','input','[]','bye','2025-05-30 15:47:23'),(111,76,'Переведите: \"До скорого\"','input','[]','see you soon','2025-05-30 15:47:23'),(112,77,'Как правильно написать 25?','multiple_choice','[\"twenty five\", \"twenty-five\", \"tenty-five\", \"twentyfife\"]','twenty-five','2025-05-30 15:48:17'),(113,77,'Какой день идёт после Tuesday?','multiple_choice','[\"Thursday\", \"Friday\", \"Sunday\", \"Wednesday\"]','Wednesday','2025-05-30 15:48:17'),(114,77,'Какой месяц идёт после March?','multiple_choice','[\"April\", \"May\", \"June\", \"July\"]','April','2025-05-30 15:48:17'),(115,77,'Как спросить время формально?','multiple_choice','[\"What’s date today?\", \"What time is it?\", \"How is time?\", \"Tell me time\"]','What time is it?','2025-05-30 15:48:17'),(116,77,'Как укажете 7 часов (о\'клок)?','multiple_choice','[\"It’s seven o’clock\", \"It’s nineteen o’clock\", \"It’s five o’clock\", \"It’s two o’clock\"]','It’s seven o’clock','2025-05-30 15:48:17'),(117,77,'Напишите по-английски: \"пятнадцать\"','input','[]','fifteen','2025-05-30 15:48:17'),(118,77,'Напишите: \"Friday\"','input','[]','friday','2025-05-30 15:48:17'),(119,77,'Переведите на английский: \"декабрь\"','input','[]','december','2025-05-30 15:48:17'),(120,77,'Вставьте: \"It’s ____ o’clock.\"','input','[]','six','2025-05-30 15:48:17'),(121,77,'Переведите: \"Сегодня 3-е число\"','input','[]','it’s the third','2025-05-30 15:48:17'),(122,78,'Какое слово переводится как \"мать\"?','multiple_choice','[\"mother\", \"father\", \"sister\", \"uncle\"]','mother','2025-05-30 15:53:07'),(123,78,'Как по-английски будет \"двоюродная сестра\"?','multiple_choice','[\"cousin\", \"aunt\", \"niece\", \"grandmother\"]','cousin','2025-05-30 15:53:07'),(124,78,'Какой вопрос используется, чтобы узнать возраст?','multiple_choice','[\"What is your age?\", \"How old are you?\", \"Where are you from?\", \"What’s your name?\"]','How old are you?','2025-05-30 15:53:07'),(125,78,'Выберите правильное предложение о профессии:','multiple_choice','[\"I am teacher\", \"I am a teacher\", \"Am I a teacher\", \"I be a teacher\"]','I am a teacher','2025-05-30 15:53:07'),(126,78,'Как правильно сказать \"Я русский\"?','multiple_choice','[\"I am Russia\", \"I am russian\", \"I am Russian\", \"I am from Russian\"]','I am Russian','2025-05-30 15:53:07'),(127,78,'Переведите на английский: \"Он мой брат\".','input','[]','he is my brother','2025-05-30 15:53:07'),(128,78,'Переведите: \"Она врач\".','input','[]','she is a doctor','2025-05-30 15:53:07'),(129,78,'Вставьте пропуск: \"My _____ is Anna.\"','input','[]','name','2025-05-30 15:53:07'),(130,78,'Переведите: \"Мне двадцать лет\".','input','[]','i am twenty years old','2025-05-30 15:53:07'),(131,78,'Переведите: \"Я из России\".','input','[]','i am from russia','2025-05-30 15:53:07'),(132,79,'Как переводится слово «красный»?','multiple_choice','[\"red\", \"green\", \"blue\", \"yellow\"]','red','2025-05-30 16:04:06'),(133,79,'Как переводится «синий»?','multiple_choice','[\"blue\", \"red\", \"black\", \"white\"]','blue','2025-05-30 16:04:06'),(134,79,'Как переводится «круг»?','multiple_choice','[\"circle\", \"square\", \"triangle\", \"rectangle\"]','circle','2025-05-30 16:04:06'),(135,79,'Как переводится «квадрат»?','multiple_choice','[\"square\", \"rectangle\", \"circle\", \"triangle\"]','square','2025-05-30 16:04:06'),(136,79,'Как переводится «большой»?','multiple_choice','[\"big\", \"small\", \"long\", \"short\"]','big','2025-05-30 16:04:06'),(137,79,'Как переводится «маленький»?','multiple_choice','[\"small\", \"big\", \"tall\", \"short\"]','small','2025-05-30 16:04:06'),(138,79,'Как переводится «треугольник»?','multiple_choice','[\"triangle\", \"circle\", \"square\", \"hexagon\"]','triangle','2025-05-30 16:04:06'),(139,79,'Как переводится «прямоугольник»?','multiple_choice','[\"rectangle\", \"square\", \"circle\", \"triangle\"]','rectangle','2025-05-30 16:04:06'),(140,79,'Как переводится «круглый»?','multiple_choice','[\"round\", \"square\", \"triangular\", \"rectangular\"]','round','2025-05-30 16:04:06'),(141,79,'Как переводится «фиолетовый»?','multiple_choice','[\"purple\", \"pink\", \"orange\", \"brown\"]','purple','2025-05-30 16:04:06'),(142,79,'Напишите по-английски: \"желтый\".','input','[]','yellow','2025-05-30 16:04:06'),(143,79,'Напишите: \"треугольник\".','input','[]','triangle','2025-05-30 16:04:06'),(144,79,'Напишите: \"круглый\".','input','[]','round','2025-05-30 16:04:06'),(145,79,'Напишите: \"прямоугольник\".','input','[]','rectangle','2025-05-30 16:04:06'),(146,79,'Напишите: \"белый\".','input','[]','white','2025-05-30 16:04:06'),(147,79,'Напишите: \"черный\".','input','[]','black','2025-05-30 16:04:06'),(148,79,'Составьте фразу: \"Красный квадрат\".','input','[]','red square','2025-05-30 16:04:06'),(149,79,'Составьте фразу: \"Большой зеленый круг\".','input','[]','big green circle','2025-05-30 16:04:06'),(150,79,'Напишите: \"длинный\".','input','[]','long','2025-05-30 16:04:06'),(151,79,'Напишите: \"короткий\".','input','[]','short','2025-05-30 16:04:06'),(152,80,'Как переводится слово «banana»?','multiple_choice','[\"банан\", \"яблоко\", \"морковь\", \"хлеб\"]','яблоко','2025-05-30 16:06:46'),(153,80,'Что означает «carrot»?','multiple_choice','[\"морковь\", \"помидор\", \"яблоко\", \"чай\"]','морковь','2025-05-30 16:06:46'),(154,80,'Как спросить «Можно мне…?» по-английски?','multiple_choice','[\"Can I have\", \"I can have\", \"May I has\", \"Should I have\"]','Can I have','2025-05-30 16:06:46'),(155,80,'Как перевести «суп»?','multiple_choice','[\"soup\", \"salad\", \"sandwich\", \"juice\"]','soup','2025-05-30 16:06:46'),(156,80,'Какой вопрос спросит состав блюда?','multiple_choice','[\"What is the bill?\", \"What ingredients are in the salad?\", \"How much is it?\", \"Where is the menu?\"]','What ingredients are in the salad?','2025-05-30 16:06:46'),(157,80,'Как попросить счёт?','multiple_choice','[\"Can I have the bill, please?\", \"Give me the bill.\", \"Bill, please.\", \"I want bill.\"]','Can I have the bill, please?','2025-05-30 16:06:46'),(158,80,'Что означает «tea»?','multiple_choice','[\"чай\", \"кофе\", \"сок\", \"молоко\"]','чай','2025-05-30 16:06:46'),(159,80,'Напишите по-английски: \"яблоко\".','input','[]','apple','2025-05-30 16:06:46'),(160,80,'Напишите: \"кофе\".','input','[]','coffee','2025-05-30 16:06:46'),(161,80,'Переведите: \"Можно мне чай, пожалуйста?\".','input','[]','can i have tea please','2025-05-30 16:06:46'),(162,80,'Напишите: \"помидор\" по-английски.','input','[]','tomato','2025-05-30 16:06:46'),(163,80,'Переведите: \"Где меню?\"','input','[]','where is the menu','2025-05-30 16:06:46'),(164,80,'Напишите: \"Счёт, пожалуйста.\"','input','[]','check please','2025-05-30 16:06:46'),(165,80,'Переведите: \"Я хотел бы суп.\"','input','[]','i would like soup','2025-05-30 16:06:46'),(166,81,'Как переводится «wake up»?','multiple_choice','[\"просыпаться\", \"вставать\", \"спать\", \"есть\"]','просыпаться','2025-05-30 16:09:58'),(167,81,'Как спросить о распорядке дня?','multiple_choice','[\"What is your daily routine?\", \"What you do?\", \"How are you?\", \"What time is it?\"]','What is your daily routine?','2025-05-30 16:09:58'),(168,81,'Как переводится «I play football on weekends.»?','multiple_choice','[\"Я играю в футбол по выходным\", \"Я читаю футбол\", \"Я работаю по выходным\", \"Я люблю футбол\"]','Я играю в футбол по выходным','2025-05-30 16:09:58'),(169,81,'Как по-английски будет «читать книгу»?','multiple_choice','[\"read a book\", \"reads a book\", \"reading book\", \"to read book\"]','read a book','2025-05-30 16:09:58'),(170,81,'Как переводится «go to bed»?','multiple_choice','[\"ложиться спать\", \"вставать\", \"идти на работу\", \"завтракать\"]','ложиться спать','2025-05-30 16:09:58'),(171,81,'Как спросить о хобби?','multiple_choice','[\"What is your hobby?\", \"What do you like?\", \"How old are you?\", \"What is your job?\"]','What is your hobby?','2025-05-30 16:09:58'),(172,81,'Как по-английски «I watch TV in the evening»?','multiple_choice','[\"I watch TV in the evening\", \"I watched TV\", \"I will watch TV\", \"I am watching TV\"]','I watch TV in the evening','2025-05-30 16:09:58'),(173,81,'Переведите на английский: \"Я просыпаюсь в семь часов\".','input','[]','i wake up at seven','2025-05-30 16:09:58'),(174,81,'Переведите: \"Я завтракаю в восемь утра\".','input','[]','i have breakfast at eight am','2025-05-30 16:09:58'),(175,81,'Напишите: \"играть на гитаре\".','input','[]','play the guitar','2025-05-30 16:09:58'),(176,81,'Напишите: \"Она читает книгу каждую ночь\".','input','[]','she reads a book every night','2025-05-30 16:09:58'),(177,81,'Переведите: \"Я возвращаюсь домой в шесть часов\".','input','[]','i come home at six','2025-05-30 16:09:58'),(178,81,'Напишите: \"люблю плавать\".','input','[]','i love swimming','2025-05-30 16:09:58'),(179,81,'Переведите: \"У него есть хобби – рисовать\".','input','[]','his hobby is drawing','2025-05-30 16:09:58'),(180,82,'Как сказать «поверните налево»?','multiple_choice','[\"turn left\", \"turn right\", \"go straight\", \"stop\"]','turn left','2025-05-30 16:13:16'),(181,82,'Что означает «supermarket»?','multiple_choice','[\"супермаркет\", \"банк\", \"кафе\", \"парк\"]','супермаркет','2025-05-30 16:13:16'),(182,82,'Как перевести «opposite»?','multiple_choice','[\"напротив\", \"между\", \"рядом\", \"внутри\"]','напротив','2025-05-30 16:13:16'),(183,82,'Что означает «pharmacy»?','multiple_choice','[\"ресторан\", \"аптека\", \"магазин\", \"почта\"]','аптека','2025-05-30 16:13:16'),(184,82,'Как сказать «идите прямо»?','multiple_choice','[\"go straight\", \"turn left\", \"turn right\", \"go back\"]','go straight','2025-05-30 16:13:16'),(185,82,'Что означает «bank»?','multiple_choice','[\"парк\", \"банк\", \"больница\", \"школа\"]','банк','2025-05-30 16:13:16'),(186,82,'Как спросить дорогу до музея?','multiple_choice','[\"Where is the museum?\", \"How do I get to the museum?\", \"What is the museum?\", \"Where museum is?\"]','How do I get to the museum?','2025-05-30 16:13:16'),(187,82,'Переведите на английский: \"аптека\".','input','[]','pharmacy','2025-05-30 16:13:16'),(188,82,'Напишите: \"музей\".','input','[]','museum','2025-05-30 16:13:16'),(189,82,'Переведите: \"рядом с банком\".','input','[]','next to the bank','2025-05-30 16:13:16'),(190,82,'Напишите: \"между супермаркетом и аптекой\".','input','[]','between the supermarket and the pharmacy','2025-05-30 16:13:16'),(191,82,'Переведите: \"поверните направо\".','input','[]','turn right','2025-05-30 16:13:16'),(192,82,'Напишите: \"где находится банк?\" на английском.','input','[]','where is the bank','2025-05-30 16:13:16'),(193,82,'Переведите: \"идите прямо\".','input','[]','go straight','2025-05-30 16:13:16'),(194,83,'Что означает «sunny»?','multiple_choice','[\"солнечно\", \"облачно\", \"дождливо\", \"ветрено\"]','солнечно','2025-05-30 16:14:17'),(195,83,'Что означает «rainy»?','multiple_choice','[\"дождливо\", \"снежно\", \"тепло\", \"холодно\"]','дождливо','2025-05-30 16:14:17'),(196,83,'Что означает «windy»?','multiple_choice','[\"ветрено\", \"жарко\", \"туманно\", \"пасмурно\"]','ветрено','2025-05-30 16:14:17'),(197,83,'Что означает «cloudy»?','multiple_choice','[\"облачно\", \"ясно\", \"дождливо\", \"тепло\"]','облачно','2025-05-30 16:14:17'),(198,83,'Что означает «snowy»?','multiple_choice','[\"снежно\", \"дождливо\", \"облачно\", \"ветрено\"]','снежно','2025-05-30 16:14:17'),(199,83,'Как спросить о погоде?','multiple_choice','[\"What’s the weather like?\", \"How are you?\", \"What time is it?\", \"Where is it?\"]','What’s the weather like?','2025-05-30 16:14:17'),(200,83,'Как можно ответить на «What’s the weather like?» если солнечно?','multiple_choice','[\"It’s sunny\", \"It’s raining\", \"It’s cloudy\", \"It’s windy\"]','It’s sunny','2025-05-30 16:14:17'),(201,83,'Переведите на английский: \"солнечно\".','input','[]','sunny','2025-05-30 16:14:17'),(202,83,'Переведите: \"облачно\".','input','[]','cloudy','2025-05-30 16:14:17'),(203,83,'Переведите: \"ветрено\".','input','[]','windy','2025-05-30 16:14:17'),(204,83,'Переведите: \"снежно\".','input','[]','snowy','2025-05-30 16:14:17'),(205,83,'Напишите английский вопрос: \"Какая сейчас погода?\".','input','[]','what’s the weather like?','2025-05-30 16:14:17'),(206,83,'Напишите: \"На улице холодно\".','input','[]','it’s cold outside','2025-05-30 16:14:17'),(207,83,'Переведите: \"весна\" на английский.','input','[]','spring','2025-05-30 16:14:17'),(208,84,'Как переводится слово «expensive»?','multiple_choice','[\"дорого\", \"дешево\", \"бесплатно\", \"дёшево\"]','дорого','2025-05-30 16:17:52'),(209,84,'Что означает «cheap»?','multiple_choice','[\"дёшево\", \"дорого\", \"быстро\", \"медленно\"]','дёшево','2025-05-30 16:17:52'),(210,84,'Как спросить цену товара?','multiple_choice','[\"How much is this?\", \"What is the price of this?\", \"How many is this?\", \"How much does this cost?\"]','How much is this?','2025-05-30 16:17:52'),(211,84,'Что означает «cash»?','multiple_choice','[\"наличные\", \"кредит\", \"чек\", \"карта\"]','наличные','2025-05-30 16:17:52'),(212,84,'Что означает «receipt»?','multiple_choice','[\"чек\", \"рецепт\", \"касса\", \"магазин\"]','чек','2025-05-30 16:17:52'),(213,84,'Как сказать «Я хочу заплатить наличными»?','multiple_choice','[\"I want to pay in cash\", \"I want to pay by cash\", \"I want to pay cash\", \"I want to pay with cash\"]','I want to pay in cash','2025-05-30 16:17:52'),(214,84,'Как спросить, принимаете ли вы кредитные карты?','multiple_choice','[\"Do you accept credit cards?\", \"Can I pay credit card?\", \"Do you have credit cards?\", \"Accept credit cards?\"]','Do you accept credit cards?','2025-05-30 16:17:52'),(215,84,'Переведите на английский: \"Сколько это стоит?\"','input','[]','how much is this','2025-05-30 16:17:52'),(216,84,'Напишите: \"дорого\".','input','[]','expensive','2025-05-30 16:17:52'),(217,84,'Переведите: \"Я хочу заплатить кредитной картой.\"','input','[]','i would like to pay by credit card','2025-05-30 16:17:52'),(218,84,'Напишите: \"чек\" (документ).','input','[]','receipt','2025-05-30 16:17:52'),(219,84,'Переведите: \"Это стоит пять долларов.\"','input','[]','it costs five dollars','2025-05-30 16:17:52'),(220,84,'Переведите: \"Оставьте сдачу.\"','input','[]','keep the change','2025-05-30 16:17:52'),(221,84,'Переведите: \"Можно мне счёт, пожалуйста?\"','input','[]','can i have the bill please','2025-05-30 16:17:52'),(222,85,'Which sentence is in Present Perfect?','multiple_choice','[\"I have seen that movie\", \"I saw that movie\", \"I see that movie\", \"I will see that movie\"]','I have seen that movie','2025-05-30 16:42:36'),(223,85,'Which time marker typically goes with Past Simple?','multiple_choice','[\"ever\", \"just\", \"yesterday\", \"yet\"]','yesterday','2025-05-30 16:42:36'),(224,85,'Choose the correct form: “She ____ already ____ lunch.”','multiple_choice','[\"has / eaten\", \"had / ate\", \"has / eat\", \"have / eaten\"]','has / eaten','2025-05-30 16:42:36'),(225,85,'Which sentence shows an experience?','multiple_choice','[\"I have lived here since 2010\", \"I lived here in 2010\", \"I am living here\", \"I will live here\"]','I have lived here since 2010','2025-05-30 16:42:36'),(226,85,'Which word is a Present Perfect signal?','multiple_choice','[\"last week\", \"ago\", \"ever\", \"yesterday\"]','ever','2025-05-30 16:42:36'),(227,85,'Which sentence is Past Simple?','multiple_choice','[\"They have worked hard\", \"They worked hard last month\", \"They have been working\", \"They are working\"]','They worked hard last month','2025-05-30 16:42:36'),(228,85,'Choose the correct form: “I ____ to Japan two years ago.”','multiple_choice','[\"have gone\", \"went\", \"have go\", \"had gone\"]','went','2025-05-30 16:42:36'),(229,85,'Fill in the blank (Present Perfect): “I ____ (finish) my homework.”','input','[]','have finished','2025-05-30 16:42:36'),(230,85,'Fill in the blank (Past Simple): “She ____ (visit) her aunt last summer.”','input','[]','visited','2025-05-30 16:42:36'),(231,85,'Write the question form (Present Perfect): “they / see / this film?”','input','[]','have they seen this film?','2025-05-30 16:42:36'),(232,85,'Translate to English (use Present Perfect): “Я никогда не был в Лондоне.”','input','[]','i have never been to london','2025-05-30 16:42:36'),(233,85,'Translate to English (use Past Simple): “Мы встретились два дня назад.”','input','[]','we met two days ago','2025-05-30 16:42:36'),(234,85,'Fill in the blank (signal word): “She has ____ (already) eaten.”','input','[]','already','2025-05-30 16:42:36'),(235,85,'Choose the correct simple past form of “go”: “He ____ to the store yesterday.”','input','[]','went','2025-05-30 16:42:36'),(236,86,'Which sentence is in Past Continuous?','multiple_choice','[\"I was writing a letter\", \"I wrote a letter\", \"I have written a letter\", \"I will write a letter\"]','I was writing a letter','2025-05-30 16:44:53'),(237,86,'Which auxiliary verb goes with “they” in Past Continuous?','multiple_choice','[\"was\", \"were\", \"have\", \"had\"]','were','2025-05-30 16:44:53'),(238,86,'Choose the correct form: “She ____ (eat) breakfast at 7 am.”','multiple_choice','[\"was eating\", \"were eating\", \"eats\", \"ate\"]','was eating','2025-05-30 16:44:53'),(239,86,'Which sentence shows an interruption?','multiple_choice','[\"I was sleeping when the alarm rang\", \"I slept when the alarm rang\", \"I had slept when the alarm rang\", \"I sleep when the alarm rang\"]','I was sleeping when the alarm rang','2025-05-30 16:44:53'),(240,86,'What word introduces the interrupting action?','multiple_choice','[\"when\", \"while\", \"because\", \"if\"]','when','2025-05-30 16:44:53'),(241,86,'Which is the negative Past Continuous form?','multiple_choice','[\"They were not playing\", \"They not were playing\", \"They was not playing\", \"They did not play\"]','They were not playing','2025-05-30 16:44:53'),(242,86,'Form the question: “you / watch / TV / at 10 pm?”','multiple_choice','[\"Were you watching TV at 10 pm?\", \"Was you watching TV at 10 pm?\", \"Did you watch TV at 10 pm?\", \"You were watching TV at 10 pm?\"]','Were you watching TV at 10 pm?','2025-05-30 16:44:53'),(243,86,'Fill in the blank: “I ____ (read) a book at 9 pm.”','input','[]','was reading','2025-05-30 16:44:53'),(244,86,'Write a negative Past Continuous: “they / study / when / we / arrived.”','input','[]','they were not studying when we arrived','2025-05-30 16:44:53'),(245,86,'Make a question: “she / sleep / when / the noise / start?”','input','[]','was she sleeping when the noise started?','2025-05-30 16:44:53'),(246,86,'Translate into English: “Когда я вошёл, она читала газету.”','input','[]','when i entered, she was reading the newspaper','2025-05-30 16:44:53'),(247,86,'Translate: “Он не ехал на работу, когда я звонил.”','input','[]','he was not driving to work when i called','2025-05-30 16:44:53'),(248,86,'Fill in the blank for background action: “While they ____ (play), it started to rain.”','input','[]','were playing','2025-05-30 16:44:53'),(249,86,'Correct the sentence: “I was watched TV at 8.”','input','[]','i was watching tv at 8','2025-05-30 16:44:53'),(250,87,'Which form is used for a spontaneous decision?','multiple_choice','[\"will\", \"going to\", \"do\", \"present continuous\"]','will','2025-05-30 16:45:52'),(251,87,'Which sentence shows a fixed arrangement?','multiple_choice','[\"I will phone you later\", \"I am flying to Paris next Monday\", \"I am going to phone you\", \"I will be flying\"]','I am flying to Paris next Monday','2025-05-30 16:45:52'),(252,87,'Choose the correct “going to” sentence:','multiple_choice','[\"She is going to start work tomorrow\", \"She will start work tomorrow\", \"She starts work tomorrow\", \"She go to start work tomorrow\"]','She is going to start work tomorrow','2025-05-30 16:45:52'),(253,87,'Which future form uses evidence for prediction?','multiple_choice','[\"going to\", \"will\", \"present continuous\", \"past continuous\"]','going to','2025-05-30 16:45:52'),(254,87,'Form with “will” to predict the weather:','multiple_choice','[\"It will snow\", \"It is snowing\", \"It is going to snow\", \"It snows\"]','It will snow','2025-05-30 16:45:52'),(255,87,'Which is Present Continuous for future arrangement?','multiple_choice','[\"They are meeting us at 6\", \"They will meet us at 6\", \"They are going to meet us\", \"They meet us at 6\"]','They are meeting us at 6','2025-05-30 16:45:52'),(256,87,'Pick the prediction with no evidence:','multiple_choice','[\"It is going to rain (dark clouds)\", \"I think he will win\", \"They are arriving at 8 (ticket)\", \"I am visiting him\"]','I think he will win','2025-05-30 16:45:52'),(257,87,'Fill in the blank: “I ____ (will/help) you.”','input','[]','will help','2025-05-30 16:45:52'),(258,87,'Fill in the blank: “She ____ (be/go) to university next year.”','input','[]','is going to go','2025-05-30 16:45:52'),(259,87,'Write a Present Continuous future arrangement: “we / meet / at 7 pm”','input','[]','we are meeting at 7 pm','2025-05-30 16:45:52'),(260,87,'Translate: “Я собираюсь купить новую машину.”','input','[]','i am going to buy a new car','2025-05-30 16:45:52'),(261,87,'Translate: “Я позвоню тебе позже.”','input','[]','i will call you later','2025-05-30 16:45:52'),(262,87,'Question form (going to): “you / visit / doctor / tomorrow?”','input','[]','are you going to visit the doctor tomorrow?','2025-05-30 16:45:52'),(263,87,'Create a negative “will” sentence: “I / not / wait”','input','[]','i will not wait','2025-05-30 16:45:52'),(264,88,'Which sentence is a correct First Conditional?','multiple_choice','[\"If she invites me, I will go.\", \"If she invited me, I will go.\", \"If she will invite me, I would go.\", \"If she invites me, I would go.\"]','If she invites me, I will go.','2025-05-30 16:46:41'),(265,88,'Which sentence is a Second Conditional example?','multiple_choice','[\"If I win the lottery, I will buy a house.\", \"If I won the lottery, I would buy a house.\", \"If I will win the lottery, I would buy a house.\", \"If I win the lottery, I would buy a house.\"]','If I won the lottery, I would buy a house.','2025-05-30 16:46:41'),(266,88,'What is the form of the “if” clause in Second Conditional?','multiple_choice','[\"Past Simple\", \"Present Simple\", \"Future Simple\", \"Present Continuous\"]','Past Simple','2025-05-30 16:46:41'),(267,88,'Which signal word is common to both conditionals?','multiple_choice','[\"if\", \"when\", \"unless\", \"because\"]','if','2025-05-30 16:46:41'),(268,88,'Choose the correct result clause for First Conditional:','multiple_choice','[\"I would travel.\", \"I will travel.\", \"I travel.\", \"I am traveling.\"]','I will travel.','2025-05-30 16:46:41'),(269,88,'Which is NOT a Second Conditional sentence?','multiple_choice','[\"If I were you, I would apologize.\", \"If I had wings, I would fly.\", \"If it rains tomorrow, I would stay home.\", \"If I knew the answer, I would tell you.\"]','If it rains tomorrow, I would stay home.','2025-05-30 16:46:41'),(270,88,'Which tense goes in the main clause of First Conditional?','multiple_choice','[\"will + infinitive\", \"would + infinitive\", \"present simple\", \"past simple\"]','will + infinitive','2025-05-30 16:46:41'),(271,88,'Fill in the blank (First Conditional): “If he ____ (study), he ____ (pass) the exam.”','input','[]','studies / will pass','2025-05-30 16:46:41'),(272,88,'Fill in the blank (Second Conditional): “If I ____ (be) rich, I ____ (travel) more.”','input','[]','were / would travel','2025-05-30 16:46:41'),(273,88,'Write a First Conditional question: “you / come / party / if / invited?”','input','[]','will you come to the party if invited?','2025-05-30 16:46:41'),(274,88,'Translate to English (First Conditional): “Если будет дождь, я останусь дома.”','input','[]','if it rains, i will stay at home','2025-05-30 16:46:41'),(275,88,'Translate to English (Second Conditional): “Если бы я был невидимкой, я бы помог людям.”','input','[]','if i were invisible, i would help people','2025-05-30 16:46:41'),(276,88,'Correct the sentence to Second Conditional: “If she knows the answer, she would tell us.”','input','[]','if she knew the answer, she would tell us','2025-05-30 16:46:41'),(277,88,'Create a result clause for First Conditional: “If they hurry, ____.”','input','[]','they will catch the bus','2025-05-30 16:46:41'),(278,89,'Which modal verb expresses personal obligation?','multiple_choice','[\"must\", \"may\", \"might\", \"can\"]','must','2025-05-30 16:47:38'),(279,89,'Which modal indicates external rules or laws?','multiple_choice','[\"must\", \"have to\", \"should\", \"may\"]','have to','2025-05-30 16:47:38'),(280,89,'Choose the correct advice: “You ____ stop smoking.”','multiple_choice','[\"should\", \"may\", \"must\", \"might\"]','should','2025-05-30 16:47:38'),(281,89,'Which modal is more formal for advice?','multiple_choice','[\"should\", \"must\", \"ought to\", \"can\"]','ought to','2025-05-30 16:47:38'),(282,89,'Which expresses possibility?','multiple_choice','[\"may\", \"must\", \"should\", \"have to\"]','may','2025-05-30 16:47:38'),(283,89,'Which expresses logical impossibility?','multiple_choice','[\"can’t\", \"may\", \"shouldn’t\", \"ought to\"]','can’t','2025-05-30 16:47:38'),(284,89,'Choose the correct negative of have to:','multiple_choice','[\"don’t have to\", \"mustn’t\", \"shouldn’t\", \"can’t\"]','don’t have to','2025-05-30 16:47:38'),(285,89,'Fill in the blank: “You ____ (must) arrive on time.”','input','[]','must','2025-05-30 16:47:38'),(286,89,'Translate to English: “Мне следует позвонить врачу.”','input','[]','i should call a doctor','2025-05-30 16:47:38'),(287,89,'Translate to English: “Я должен закончить проект.”','input','[]','i must finish the project','2025-05-30 16:47:38'),(288,89,'Correct the sentence: “He should to go.”','input','[]','he should go','2025-05-30 16:47:38'),(289,89,'Form a question: “she / have to / work late?”','input','[]','does she have to work late?','2025-05-30 16:47:38'),(290,89,'Fill in the blank for possibility: “He ____ (might) come later.”','input','[]','might','2025-05-30 16:47:38'),(291,89,'Translate to English: “Он не обязан приходить.”','input','[]','he doesn’t have to come','2025-05-30 16:47:38'),(292,90,'Which sentence correctly shows the Third Conditional?','multiple_choice','[\"If I had seen her, I would have said hello.\", \"If I saw her, I would say hello.\", \"If I have seen her, I would have said hello.\", \"If I see her, I will say hello.\"]','If I had seen her, I would have said hello.','2025-05-30 17:45:24'),(293,90,'What tense is used in the “if” clause of Third Conditional?','multiple_choice','[\"Past Perfect\", \"Past Simple\", \"Present Perfect\", \"Future Simple\"]','Past Perfect','2025-05-30 17:45:24'),(294,90,'Which auxiliary verb appears in the main clause?','multiple_choice','[\"would have\", \"have had\", \"will have\", \"had will\"]','would have','2025-05-30 17:45:24'),(295,90,'Identify a Mixed Conditional example:','multiple_choice','[\"If I had trained harder, I would be a champion now.\", \"If I train harder, I will be a champion now.\", \"If I had trained harder, I would have been a champion then.\", \"If I train harder, I would be a champion now.\"]','If I had trained harder, I would be a champion now.','2025-05-30 17:45:24'),(296,90,'Which sentence expresses regret?','multiple_choice','[\"I wish I had studied more for the test.\", \"I wish I study more.\", \"I wish I will study more.\", \"I wish I study more yesterday.\"]','I wish I had studied more for the test.','2025-05-30 17:45:24'),(297,90,'Choose the correct “If” clause form:','multiple_choice','[\"If she had known\", \"If she knew\", \"If she has known\", \"If she knows\"]','If she had known','2025-05-30 17:45:24'),(298,90,'Which result clause completes this? “If he had left earlier, he ____.”','multiple_choice','[\"would have caught the train.\", \"would catch the train.\", \"will have caught the train.\", \"would be catching the train.\"]','would have caught the train.','2025-05-30 17:45:24'),(299,90,'Fill in the blanks: “If I ____ (know) you were here, I ____ (bake) a cake.”','input','[]','had known / would have baked','2025-05-30 17:45:24'),(300,90,'Translate to English: “Если бы я учил больше, я бы сдал экзамен.”','input','[]','if i had studied more, i would have passed the exam','2025-05-30 17:45:24'),(301,90,'Write a Mixed Conditional: “Если бы я выпил кофе, я не был бы уставшим сейчас.”','input','[]','if i had drunk coffee, i would not be tired now','2025-05-30 17:45:24'),(302,90,'Fill in the blank: “If she ____ (listen) to advice, she ____ (avoid) this problem now.”','input','[]','had listened / would avoid','2025-05-30 17:45:24'),(303,90,'Translate: “Я бы помог тебе, если бы знал твою проблему.”','input','[]','i would help you if i had known your problem','2025-05-30 17:45:24'),(304,90,'Correct the sentence: “If I had went, I would have seen her.”','input','[]','if i had gone, i would have seen her','2025-05-30 17:45:24'),(305,90,'Create a Third Conditional: “Если бы он приехал раньше, ____.”','input','[]','if he had arrived earlier, he would have caught the bus','2025-05-30 17:45:24'),(306,91,'Which is the correct passive of “They will finish the work”?','multiple_choice','[\"The work will be finished by them.\", \"The work will finish by them.\", \"Will the work be finished by them?\", \"The work is finished by them.\"]','The work will be finished by them.','2025-05-30 17:47:39'),(307,91,'Identify the perfect passive sentence:','multiple_choice','[\"The cake had been eaten before we arrived.\", \"The cake has eaten before we arrived.\", \"The cake had ate before we arrived.\", \"The cake has been eat before we arrived.\"]','The cake had been eaten before we arrived.','2025-05-30 17:47:39'),(308,91,'Choose the modal passive:','multiple_choice','[\"The rules must be followed.\", \"The rules must follow.\", \"Must the rules be followed?\", \"The rules are must followed.\"]','The rules must be followed.','2025-05-30 17:47:39'),(309,91,'Which sentence uses get-passive correctly?','multiple_choice','[\"He got his car washed yesterday.\", \"He got washed his car yesterday.\", \"He was got his car washed yesterday.\", \"He gets his car washed yesterday.\"]','He got his car washed yesterday.','2025-05-30 17:47:39'),(310,91,'Select the formal passive:','multiple_choice','[\"They have the files delivered.\", \"They get the files delivered.\", \"The files have been delivered.\", \"The files get delivered.\"]','The files have been delivered.','2025-05-30 17:47:39'),(311,91,'Which is a causative sentence with have?','multiple_choice','[\"I had my house painted.\", \"I painted my house had.\", \"I had painted my house.\", \"My house had painted.\"]','I had my house painted.','2025-05-30 17:47:39'),(312,91,'Which is NOT a passive sentence?','multiple_choice','[\"She was given a gift.\", \"They built a house.\", \"The lesson was explained clearly.\", \"The letter was sent yesterday.\"]','They built a house.','2025-05-30 17:47:39'),(313,91,'Form the passive: “They deliver the goods daily.”','input','[]','the goods are delivered daily','2025-05-30 17:47:39'),(314,91,'Convert to perfect passive: “They had completed the test.”','input','[]','the test had been completed','2025-05-30 17:47:39'),(315,91,'Create a get-passive: “He arranged someone to fix the computer.”','input','[]','he got the computer fixed','2025-05-30 17:47:39'),(316,91,'Write a causative have sentence: “I arranged a mechanic to clean my engine.”','input','[]','i had my engine cleaned','2025-05-30 17:47:39'),(317,91,'Translate to passive: “People speak English all over the world.”','input','[]','english is spoken all over the world','2025-05-30 17:47:39'),(318,91,'Form a modal passive: “You must obey the law.”','input','[]','the law must be obeyed','2025-05-30 17:47:39'),(319,91,'Turn into perfect passive: “Someone has stolen my wallet.”','input','[]','my wallet has been stolen','2025-05-30 17:47:39'),(320,92,'Which is the correct nominalisation of \"to decide\"?','multiple_choice','[\"decide\", \"decision\", \"deciding\", \"decisio\"]','decision','2025-05-30 17:48:35'),(321,92,'Which suffix makes a noun from \"to improve\"?','multiple_choice','[\"-tion\", \"-ment\", \"-ity\", \"-ance\"]','-ment','2025-05-30 17:48:35'),(322,92,'Which sentence uses nominalisation?','multiple_choice','[\"The investigation revealed new facts.\", \"They will investigate the case.\", \"We are investigating now.\", \"Investigate the case promptly.\"]','The investigation revealed new facts.','2025-05-30 17:48:35'),(323,92,'Which suffix applies to \"active\"?','multiple_choice','[\"activity\", \"activate\", \"activated\", \"activism\"]','activity','2025-05-30 17:48:35'),(324,92,'Choose the formal version of \"We need to finish the report.\"','multiple_choice','[\"Report completion is required.\", \"We finish the report.\", \"We have to finish the report.\", \"Finish the report, please.\"]','Report completion is required.','2025-05-30 17:48:35'),(325,92,'Which word is a nominalisation of \"perform\"?','multiple_choice','[\"perform\", \"performance\", \"performing\", \"performed\"]','performance','2025-05-30 17:48:35'),(326,92,'Which is a formal register tip?','multiple_choice','[\"Avoid contractions like “don\'t”\", \"Use slang for emphasis\", \"Write in first person always\", \"Use emoticons 😊\"]','Avoid contractions like “don\'t”','2025-05-30 17:48:35'),(327,92,'Nominalise the verb \"to create\".','input','[]','creation','2025-05-30 17:48:35'),(328,92,'Nominalise the adjective \"accurate\".','input','[]','accuracy','2025-05-30 17:48:35'),(329,92,'Convert to nominalisation: “They will evaluate the results.”','input','[]','an evaluation of the results will be made','2025-05-30 17:48:35'),(330,92,'Convert to formal: “We need to improve performance.”','input','[]','performance improvement is necessary','2025-05-30 17:48:35'),(331,92,'Nominalise the verb \"to organise\".','input','[]','organisation','2025-05-30 17:48:35'),(332,92,'Convert to formal from: “He helped me.”','input','[]','his assistance was valuable','2025-05-30 17:48:35'),(333,92,'Write a nominalised sentence: “She suggested we postpone the meeting.”','input','[]','her suggestion led to the postponement of the meeting','2025-05-30 17:48:35'),(334,93,'Which word is an additive discourse marker?','multiple_choice','[\"however\", \"moreover\", \"although\", \"despite\"]','moreover','2025-05-30 17:49:32'),(335,93,'Which marker indicates contrast?','multiple_choice','[\"therefore\", \"moreover\", \"on the other hand\", \"firstly\"]','on the other hand','2025-05-30 17:49:32'),(336,93,'Which marker shows a result?','multiple_choice','[\"because\", \"although\", \"thus\", \"nevertheless\"]','thus','2025-05-30 17:49:32'),(337,93,'Which word is a causal connector?','multiple_choice','[\"in addition\", \"however\", \"because\", \"furthermore\"]','because','2025-05-30 17:49:32'),(338,93,'Which is a concession marker?','multiple_choice','[\"nevertheless\", \"moreover\", \"firstly\", \"therefore\"]','nevertheless','2025-05-30 17:49:32'),(339,93,'Which marker is used to sequence points?','multiple_choice','[\"because\", \"firstly\", \"however\", \"too\"]','firstly','2025-05-30 17:49:32'),(340,93,'Which marker adds extra information?','multiple_choice','[\"despite\", \"also\", \"when\", \"so\"]','also','2025-05-30 17:49:32'),(341,93,'Translate to English: \"Более того\".','input','[]','moreover','2025-05-30 17:49:32'),(342,93,'Fill in the blank: \"____, the results were inconclusive.\"','input','[]','nevertheless','2025-05-30 17:49:32'),(343,93,'Translate: \"Однако, это было сложно.\"','input','[]','however, it was difficult','2025-05-30 17:49:32'),(344,93,'Translate to English: \"Таким образом\".','input','[]','thus','2025-05-30 17:49:32'),(345,93,'Fill in the blank: \"____ he studied hard, he passed.\"','input','[]','because','2025-05-30 17:49:32'),(346,93,'Fill in the blank: \"____, we will discuss the findings.\"','input','[]','firstly','2025-05-30 17:49:32'),(347,93,'Translate: \"В результате\".','input','[]','as a result','2025-05-30 17:49:32'),(348,94,'What does \"to hit the nail on the head\" mean?','multiple_choice','[\"to be exactly right\", \"to make a mistake\", \"to hit someone\", \"to build something\"]','to be exactly right','2025-05-30 17:50:58'),(349,94,'Which is a correct collocation?','multiple_choice','[\"make a decision\", \"do a decision\", \"take a decision\", \"have a decision\"]','make a decision','2025-05-30 17:50:58'),(350,94,'Is \"turn off the lights\" separable or inseparable?','multiple_choice','[\"separable\", \"inseparable\", \"both\", \"none\"]','separable','2025-05-30 17:50:58'),(351,94,'Which is an informal alternative to \"deal with\"?','multiple_choice','[\"deal with\", \"address\", \"manage\", \"tackle\"]','deal with','2025-05-30 17:50:58'),(352,94,'What does \"spill the beans\" mean?','multiple_choice','[\"to reveal a secret\", \"to eat beans\", \"to cause trouble\", \"to miss the point\"]','to reveal a secret','2025-05-30 17:50:58'),(353,94,'Which collocation is correct?','multiple_choice','[\"take a chance\", \"make a chance\", \"do a chance\", \"give a chance\"]','take a chance','2025-05-30 17:50:58'),(354,94,'Which phrasal verb is inseparable?','multiple_choice','[\"turn on\", \"look after\", \"turn off\", \"turn up\"]','look after','2025-05-30 17:50:58'),(355,94,'Translate into English: \"решить проблему\" using natural collocation.','input','[]','to address the problem','2025-05-30 17:50:58'),(356,94,'Provide a synonym for \"call it a day\".','input','[]','to stop working','2025-05-30 17:50:58'),(357,94,'Fill in the blank: \"Don’t ______ the beans!\"','input','[]','spill','2025-05-30 17:50:58'),(358,94,'Translate: \"принять решение\".','input','[]','make a decision','2025-05-30 17:50:58'),(359,94,'Use a phrasal verb: \"уведомлять кого-то\" (inform someone).','input','[]','let someone know','2025-05-30 17:50:58'),(360,94,'Translate idiom: \"pay attention\".','input','[]','pay attention','2025-05-30 17:50:58'),(361,94,'Convert to formal: replace \"deal with\" in “We need to deal with this issue.”','input','[]','we need to address this issue','2025-05-30 17:50:58');
/*!40000 ALTER TABLE `module_quiz_questions` ENABLE KEYS */;
UNLOCK TABLES;

--
-- Table structure for table `module_slides`
--

DROP TABLE IF EXISTS `module_slides`;
/*!40101 SET @saved_cs_client     = @@character_set_client */;
/*!50503 SET character_set_client = utf8mb4 */;
CREATE TABLE `module_slides` (
  `id` int NOT NULL AUTO_INCREMENT,
  `module_id` int NOT NULL,
  `title` varchar(100) DEFAULT NULL,
  `content` text NOT NULL,
  `sequence` int NOT NULL,
  `created_at` timestamp NULL DEFAULT CURRENT_TIMESTAMP,
  `order_id` int NOT NULL DEFAULT '1',
  PRIMARY KEY (`id`),
  UNIQUE KEY `module_id` (`module_id`,`sequence`),
  KEY `idx_module_slides_module_id` (`module_id`),
  CONSTRAINT `module_slides_ibfk_1` FOREIGN KEY (`module_id`) REFERENCES `modules` (`id`) ON DELETE CASCADE
) ENGINE=InnoDB AUTO_INCREMENT=169 DEFAULT CHARSET=utf8mb4 COLLATE=utf8mb4_0900_ai_ci;
/*!40101 SET character_set_client = @saved_cs_client */;

--
-- Dumping data for table `module_slides`
--

LOCK TABLES `module_slides` WRITE;
/*!40000 ALTER TABLE `module_slides` DISABLE KEYS */;
INSERT INTO `module_slides` VALUES (64,75,'Введение в алфавит','Английский алфавит состоит из 26 букв: A, B, C, D, E, F, G, H, I, J, K, L, M, N, O, P, Q, R, S, T, U, V, W, X, Y, Z.',1,'2025-05-30 15:41:07',1),(65,75,'Гласные и согласные','В алфавите 5 гласных (A, E, I, O, U) и 21 согласная. Пример:\n- A — гласная\n- B — согласная',2,'2025-05-30 15:41:07',2),(66,75,'Произношение букв','Некоторые буквы произносятся иначе, чем в русском языке. Например:\n- H — [эйч]\n- W — [дабл-ю]\n- Y — [уай]',3,'2025-05-30 15:41:07',3),(67,75,'Примеры слов','Примеры простых слов:\n- Cat (кот)\n- Dog (собака)\n- Sun (солнце)\n\n',4,'2025-05-30 15:41:07',4),(68,75,'Правописание','Чтобы правильно написать слово, произнесите его по буквам. Пример: Cat — C-A-T.',5,'2025-05-30 15:41:07',5),(69,76,'Введение в приветствия','Приветствия – это первое, что мы говорим при встрече. В английском есть формальные и неформальные фразы.',1,'2025-05-30 15:47:23',2),(70,76,'Формальные формы','Good morning, Good afternoon, Good evening – используются с незнакомыми людьми и старшими по статусу.',2,'2025-05-30 15:47:23',2),(71,76,'Неформальные формы','Hello, Hi, Hey – подходят для друзей и близких. Можно добавить How are you? после Hello.',3,'2025-05-30 15:47:23',2),(72,76,'Диалоги-примеры','A: Hello! How are you?  \n B: I’m fine, thank you. And you?  \n A: I’m good, thanks!',4,'2025-05-30 15:47:23',2),(73,76,'Прощания','Bye, Goodbye, See you soon – в конце встречи. Можно сказать Have a nice day! вместо Goodbye.',5,'2025-05-30 15:47:23',2),(74,77,'Числа 1–20','Изучите цифры от 1 до 20: one, two, three… twenty.',1,'2025-05-30 15:48:17',3),(75,77,'Числа 21–100','Десятки: twenty, thirty, forty… ninety. Составные: twenty-one, thirty-two и т.д.',2,'2025-05-30 15:48:17',3),(76,77,'Дни недели и месяцы','Days: Monday, Tuesday… Sunday. Months: January… December.',3,'2025-05-30 15:48:17',3),(77,77,'Как спросить время?','What time is it? Ответ: It’s [hour] o’clock, e.g. It’s three o’clock.',4,'2025-05-30 15:48:17',3),(78,77,'Примеры дат','Today is July 5th. My birthday is on October 10th.',5,'2025-05-30 15:48:17',3),(79,78,'Основная лексика семьи','В этом разделе вы познакомитесь с названиями членов семьи на английском языке.  \n — mother (мама)  \n — father (папа)  \n — sister (сестра)  \n — brother (брат)  \nОбратите внимание: для единственного числа используйте артикль “my” (my mother, my brother).',1,'2025-05-30 15:53:07',4),(80,78,'Рассказываем о себе','Чтобы рассказать о себе, используйте конструкцию:  \n **I am + [имя/возраст/национальность]**  \n Примеры:  \n • I am Anna.  \n • I am 25 years old.  \n • I am Russian.  \nМожно также задавать вопросы: What’s your name? How old are you? Where are you from?',2,'2025-05-30 15:53:07',4),(81,78,'Возраст и национальность','Словарь по возрасту и стране:  \n — years old (лет): twenty years old, thirty years old  \n — nationalities: Russian, American, Chinese, etc.  \nПример:  \n “I am thirty years old and I am from Russia.”  \nОбратите внимание на заглавные буквы в национальностях.',3,'2025-05-30 15:53:07',4),(82,78,'Профессии','Как спросить и рассказать о профессии:  \n **What is your job? / What do you do?**  \n Ответ: **I am a [профессия]**  \n Примеры самых распространённых профессий:  \n — teacher (учитель)  \n — doctor (врач)  \n — engineer (инженер)  \n — student (студент)  \nОбязательно используйте неопределённый артикль “a” перед профессией.',4,'2025-05-30 15:53:07',4),(83,78,'Пример диалога','A: Hello! What’s your name?  \nB: My name is Maria. And you?  \nA: I am Alex. Nice to meet you!  \nB: Nice to meet you too.  \nA: How old are you?  \nB: I am twenty years old.  \nA: What do you do?  \nB: I am a doctor.',5,'2025-05-30 15:53:07',4),(84,79,'Введение в цвета','Цвета помогают описывать окружающий мир.  \n В английском есть основные (primary) и дополнительные (secondary) цвета.  \n Основные: red (красный), blue (синий), yellow (желтый).  \n Дополнительные: green (зеленый), orange (оранжевый), purple (фиолетовый).  \nЗапомните эти слова и их произношение.',1,'2025-05-30 16:04:06',5),(85,79,'Формы и их названия','Формы — это геометрические фигуры.  \n circle (круг), square (квадрат), triangle (треугольник), rectangle (прямоугольник).  \nКаждая форма имеет свои характеристики: у круга нет углов, у квадрата — четыре равных стороны.',2,'2025-05-30 16:04:06',5),(86,79,'Прилагательные для описания','Прилагательные помогают описывать объекты.  \n big (большой), small (маленький), long (длинный), short (короткий), round (круглый).  \nПорядок в предложении: [артикль] + прилагательное + существительное (a big circle).',3,'2025-05-30 16:04:06',5),(87,79,'Комбинируем цвет и форму','Чтобы описать предмет, соедините цвет и форму:  \n • a red circle  \n • a blue square  \n • a yellow triangle  \nПример: “The small green triangle is on the table.”',4,'2025-05-30 16:04:06',5),(88,79,'Практика описания объектов','Попробуйте составить предложения:  \n 1) Опишите маленький красный квадрат.  \n 2) Опишите большой синий круг.  \n3) Опишите длинный желтый прямоугольник.',5,'2025-05-30 16:04:06',5),(89,80,'Основная лексика: фрукты, овощи и напитки','В этом модуле вы изучите самые распространённые слова для еды и напитков.  \n— Fruits (фрукты): apple (яблоко), banana (банан), orange (апельсин)  \n— Vegetables (овощи): carrot (морковь), tomato (помидор), potato (картофель)  \n— Drinks (напитки): water (вода), tea (чай), coffee (кофе)  \nОбратите внимание на произношение каждого слова.',1,'2025-05-30 16:06:46',6),(90,80,'Как вежливо заказать','Для заказа используйте фразы:  \n• Can I have … please?  \n• I would like …  \nПримеры:  \n– Can I have a cup of tea, please?  \n– I would like a cheese sandwich.',2,'2025-05-30 16:06:46',6),(91,80,'Чтение меню','В меню вы увидите названия блюд и напитков.  \nПример:  \n– soup (суп)  \n– salad (салат)  \n– bread (хлеб)  \n– coffee (кофе)  \nЧтобы узнать состав блюда: What ingredients are in the salad?',3,'2025-05-30 16:06:46',6),(92,80,'Диалог в кафе','A: Good afternoon! May I help you?  \nB: Yes, please. I would like a tomato soup and a cup of coffee.  \nA: Anything else?  \nB: No, thank you. That’s all.',4,'2025-05-30 16:06:46',6),(93,80,'Оплата и чаевые','Чтобы попросить счёт: Could I have the bill, please?  \nЕсли хотите оставить чаевые: Keep the change.  \nПри оплате картой можно спросить: Do you accept credit cards?',5,'2025-05-30 16:06:46',6),(94,81,'Введение в распорядок дня','Распорядок дня (daily routine) описывает ваши привычные действия.  \nВ английском для этого используется Present Simple:  \n• I wake up at 7 o’clock.  \n• She goes to work at 9.  \nЗапомните структуру: [subject] + [verb] + [rest of sentence].',1,'2025-05-30 16:09:58',7),(95,81,'Основные глаголы распорядка','Часто употребляемые глаголы:  \n— wake up (просыпаться)  \n— have breakfast (завтракать)  \n— go to work/school (идти на работу/в школу)  \n— have lunch (обедать)  \n— come home (возвращаться домой)  \n— go to bed (ложиться спать).  \nПрактикуйтесь произносить и запоминать формы.',2,'2025-05-30 16:09:58',7),(96,81,'Хобби и свободное время','Хобби (hobbies) — это то, что вы делаете в свободное время.  \nПримеры: play football, read books, watch TV, draw, swim.  \nВопрос о хобби: “What is your hobby?” или “What do you like to do in your free time?”',3,'2025-05-30 16:09:58',7),(97,81,'Примеры предложений','Пример описания дня:  \n• I wake up at 6 and have breakfast at 7.  \n• I go to school at 8 and have lunch at 12.  \n• In the evening I watch TV and go to bed at 10.  \nПример о хобби: “On weekends I play football with my friends.”',4,'2025-05-30 16:09:58',7),(98,81,'Диалог о распорядке и хобби','A: What is your daily routine?  \nB: I wake up at 7, have breakfast at 8, and go to work at 9.  \nA: Nice! What do you do in your free time?  \nB: I love to swim and watch TV.',5,'2025-05-30 16:09:58',7),(99,82,'Основные места в городе','В этом модуле вы познакомитесь с лексикой мест:  \n — bank (банк)  \n — supermarket (супермаркет)  \n — bookstore (книжный магазин)  \n — pharmacy (аптека)  \n — museum (музей)  \nЗапомните произношение и значение каждого слова.',1,'2025-05-30 16:13:16',8),(100,82,'Предлоги и рядом с…','Предлоги места помогают описать расположение:  \n — next to (рядом с)  \n — near (близко)  \n — opposite (напротив)  \n — between (между)  \n — at (у)  \nПример: The pharmacy is next to the supermarket.',2,'2025-05-30 16:13:16',8),(101,82,'Как спросить дорогу','Чтобы попросить указать путь, используйте:  \n — Where is the bank?  \n — How do I get to the museum?  \n— Excuse me, could you tell me the way to the bookstore?  \nПрактикуйте вопросы вежливо с «Excuse me…».',3,'2025-05-30 16:13:16',8),(102,82,'Указания направлений','Фразы для объяснения пути:  \n — Go straight (идите прямо)  \n — Turn left (поверните налево)  \n — Turn right (поверните направо)  \n — It’s next to the pharmacy (это рядом с аптекой)  \n — It’s on the left/right (это слева/справа)',4,'2025-05-30 16:13:16',8),(103,82,'Пример диалога','A: Excuse me, where is the supermarket?  \nB: Go straight and turn right at the traffic lights.  \nIt’s opposite the museum.  \nA: Thank you very much!  \nB: You’re welcome.',5,'2025-05-30 16:13:16',8),(104,83,'Введение в погоду','В этом модуле вы узнаете основные слова для описания погоды:  \n sunny (солнечно), rainy (дождливо), cloudy (облачно), windy (ветрено), snowy (снежно).  \nЭти слова помогут вам говорить о погоде на английском языке.',1,'2025-05-30 16:14:17',9),(105,83,'Температурные прилагательные','Температурные прилагательные:  \n hot (жарко), warm (тепло), cool (прохладно), cold (холодно).  \nСтруктура: **It’s + прилагательное + today**.  \nПример: It’s hot today. It’s cool this morning.',2,'2025-05-30 16:14:17',9),(106,83,'Четыре сезона','Сезоны:  \n — spring (весна): March – May  \n — summer (лето): June – August  \n — autumn (осень): September – November  \n — winter (зима): December – February  \nЗапомните对应ующие месяцы и названия сезонов.',3,'2025-05-30 16:14:17',9),(107,83,'Спрашиваем о погоде','Чтобы узнать погоду, используйте вопрос:  \n **What’s the weather like?**  \nОтвет даётся так: **It’s + описание**, например:  \n• It’s rainy and cold.  \n• It’s sunny and warm.',4,'2025-05-30 16:14:17',9),(108,83,'Пример диалога о погоде','A: Excuse me, what’s the weather like in London?  \nB: It’s snowy and cold today.  \nA: Thank you! I\'ll wear a warm coat.  \nB: Good idea—stay warm!',5,'2025-05-30 16:14:17',9),(109,84,'Основная лексика: покупки','В этом разделе вы выучите слова для покупок:  \n — price (цена)  \n — cost (стоимость)  \n — money (деньги)  \n — cheap (дешево)  \n — expensive (дорого)  \nОбратите внимание: “cheap” и “expensive” — прилагательные, ставятся перед существительным.',1,'2025-05-30 16:14:47',10),(110,84,'Вопросы о цене','Как спросить цену:  \n **How much is this?**  \nОтвет: **It’s + [amount] + dollars/pounds/euros**, например:  \n• It’s ten dollars.  \n• It’s fifteen euros.',2,'2025-05-30 16:14:47',10),(111,84,'Оплата и способы','Слова и фразы для оплаты:  \n — pay (платить)  \n — cash (наличные)  \n — credit card (кредитная карта)  \n — receipt (чек)  \nПример: “I would like to pay by credit card, please.”',3,'2025-05-30 16:14:47',10),(112,84,'Диалог в магазине','A: Excuse me, how much is the bag?  \nB: It’s twenty dollars.  \nA: Here’s twenty-five. Keep the change.  \nB: Thank you very much!',4,'2025-05-30 16:14:47',10),(113,84,'Возвраты и обмены','Фразы для возврата товара:  \n **I’d like to return this, please.**  \n**Can I get a refund?**  \nПример: “I’d like to return this shirt. Can I get a refund?”',5,'2025-05-30 16:14:47',10),(119,85,'Introduction to Present Perfect','The Present Perfect connects past events with the present.  \nStructure: **have/has + past participle**.  \nUse it for experiences (“I have visited Paris”), recent actions (“She has just left”), and states that continue (“We have known each other for years”).',1,'2025-05-30 16:42:36',1),(120,85,'Introduction to Past Simple','The Past Simple describes completed actions at a specific time in the past.  \nStructure: **verb + –ed** for regular verbs, or second form for irregular verbs.  \nExamples: “I walked to work yesterday,” “He went to school last week.”',2,'2025-05-30 16:42:36',1),(121,85,'Present Perfect vs Past Simple: Key Differences','• Present Perfect: no specific time stated; focuses on result or experience.  \n• Past Simple: time is given or implied (“in 2010,” “last Friday”).  \nCompare:  \n– I have eaten sushi. (experience)  \n– I ate sushi yesterday. (specific time)',3,'2025-05-30 16:42:36',1),(122,85,'Signal Words & Time Markers','Learn to spot signal words:  \n• Present Perfect: already, yet, just, ever, never  \n• Past Simple: yesterday, last night, in 2018, ago  \nThese words guide your choice of tense.',4,'2025-05-30 16:42:36',1),(123,85,'Example Dialog','A: Have you ever tried Italian pizza?  \nB: Yes, I have tried it. I ate it last weekend in Rome.  \nA: I have just booked a table for tonight.  \nB: Great! Let’s go.',5,'2025-05-30 16:42:36',1),(124,86,'Introduction to Past Continuous','The Past Continuous tense describes an action that was in progress at a specific moment in the past.  \nForm: **was/were + verb+ing**.  \nExample: “I was reading a book at 8 pm.”',1,'2025-05-30 16:44:53',2),(125,86,'Forming Past Continuous','Use **was** for I/he/she/it and **were** for you/we/they.  \nPositive: “She was working.”  \nNegative: “They were not sleeping.”  \nQuestion: “Were you listening?”',2,'2025-05-30 16:44:53',2),(126,86,'Usage for Background Actions','Use Past Continuous to set the scene or describe background actions in stories:  \n“I was walking home when I saw a cat.”  \nIt shows what was happening before something else occurred.',3,'2025-05-30 16:44:53',2),(127,86,'Interrupted Actions with Past Simple','Combine Past Continuous with Past Simple to show interruption:  \n**When** + Past Simple interrupts Past Continuous.  \nExample: “I was cooking dinner when the phone rang.”',4,'2025-05-30 16:44:53',2),(128,86,'Example Dialogue','A: What were you doing at 9 last night?  \nB: I was watching TV when my friend called.  \nA: Did you finish your show?  \nB: No, I was so tired that I turned it off.',5,'2025-05-30 16:44:53',2),(129,87,'Overview of Future Forms','English has several ways to talk about the future.  \nWe will cover:  \n• “will” for spontaneous decisions and predictions  \n• “going to” for plans and intentions  \n• Present Continuous for fixed arrangements',1,'2025-05-30 16:45:52',3),(130,87,'Using “will”','“Will” + base verb expresses:  \n– Spontaneous decisions: “I will help you.”  \n– Predictions without evidence: “I think it will rain.”  \nForm: **will + infinitive**.  \nNote: no “to” after will.',2,'2025-05-30 16:45:52',3),(131,87,'Using “going to”','“Be going to” + base verb shows plans or intentions:  \nExample: “I am going to visit my friend tomorrow.”  \nAlso for predictions with present evidence: “Look at those clouds—It’s going to rain.”',3,'2025-05-30 16:45:52',3),(132,87,'Present Continuous for Arrangements','Use Present Continuous for definite, arranged future events:  \n**am/is/are + verb-ing**.  \nExample: “I am meeting John at 5 pm.”  \nEmphasizes that it is fixed (tickets, invitations).',4,'2025-05-30 16:45:52',3),(133,87,'Example Dialogues','A: What will you do if it rains?  \nB: I will take an umbrella.  \nA: Are you going to the concert next week?  \nB: Yes, I am playing with my band next Friday.',5,'2025-05-30 16:45:52',3),(134,88,'What Are Conditional Sentences?','Conditional sentences talk about “if” situations and their results.  \nThey consist of two parts: the “if” clause (condition) and the main clause (result).  \nWe use different forms to show real or hypothetical situations.',1,'2025-05-30 16:46:41',4),(135,88,'First Conditional: Real Possibilities','Form: **If + Present Simple**, **will + infinitive**.  \nUse for real or likely future events.  \nExample: “If it rains, I will stay at home.”  \nSignal words: if, when, unless.',2,'2025-05-30 16:46:41',4),(136,88,'Second Conditional: Hypothetical Situations','Form: **If + Past Simple**, **would + infinitive**.  \nUse for unreal or unlikely present/future situations.  \nExample: “If I had more time, I would travel the world.”  \nNote: it’s a polite or imaginary scenario.',3,'2025-05-30 16:46:41',4),(137,88,'Key Differences & Signal Words','• First Conditional: real present/future, possible result.  \n• Second Conditional: unreal or unlikely now/future.  \nSignal words unchanged (“if”), but tense tells you which conditional to use.',4,'2025-05-30 16:46:41',4),(138,88,'Example Dialogue','A: If you study hard, what will you achieve?  \nB: I will pass the exam.  \nA: And if you had more money?  \nB: I would buy a new car.',5,'2025-05-30 16:46:41',4),(139,89,'Introduction to Modal Verbs','Modal verbs (must, have to, should, may, might, can’t) help us express necessity, advice, permission, and possibility.  \nThey are followed by the base form of the verb, without “to.”',1,'2025-05-30 16:47:38',5),(140,89,'Must vs. Have to: Obligation','• **Must** indicates a personal obligation or strong recommendation: “You must wear a seatbelt.”  \n• **Have to** indicates external obligation (rules/laws): “I have to finish by Friday.”  \nNote: both form negatives differently (mustn’t vs. don’t have to).',2,'2025-05-30 16:47:38',5),(141,89,'Should & Ought to: Advice','• **Should** offers polite advice: “You should see a doctor.”  \n• **Ought to** is similar but more formal: “You ought to apologize.”  \nNegative: “shouldn’t” / “ought not to.”',3,'2025-05-30 16:47:38',5),(142,89,'May, Might & Can’t: Deduction & Possibility','• **May/Might** express possibility: “She may be late.” “He might come tomorrow.”  \n• **Can’t** expresses a logical deduction of impossibility: “He can’t be serious.”  \nUse context and signal words to choose correctly.',4,'2025-05-30 16:47:38',5),(143,89,'Example Dialogue','A: I feel tired.  \nB: You should take a rest.  \nA: Yes, I must sleep early tonight.  \nB: It might help you feel better tomorrow.',5,'2025-05-30 16:47:38',5),(144,90,'Overview of Third Conditional','The Third Conditional expresses unreal past situations and their imagined results.  \nForm: **If + past perfect**, **would have + past participle**.  \nUse it to talk about regrets and speculations.',1,'2025-05-30 17:45:24',1),(145,90,'Forming the Third Conditional','– “If” clause uses past perfect: had + past participle.  \n– Main clause uses would have + past participle.  \nExample: “If I had studied, I would have passed.”',2,'2025-05-30 17:45:24',1),(146,90,'Mixed Conditionals','Mixed conditionals combine different times:  \n– Past condition with present result:  \n  “If I had taken the job, I would be living in London now.”  \n– Present condition with past result (rare).',3,'2025-05-30 17:45:24',1),(147,90,'Uses: Regret & Speculation','Use Third Conditional to express regrets (“I wish I had known”) and speculate about alternative outcomes:  \n“I would have gone if I had known about it.”',4,'2025-05-30 17:45:24',1),(148,90,'Example Dialogue','A: If you had arrived earlier, we would not be late now.  \nB: You’re right. I wish I had left home on time.  \nA: If we had taken a taxi, we would have saved time.',5,'2025-05-30 17:45:24',1),(149,91,'Passive Voice Review & Extensions','The passive voice puts the focus on the action or result rather than the actor.  \nForm: **be** (in any tense) + **past participle**.  \nWe can use all tenses in passive: “The project was completed,” “The project has been completed.”',1,'2025-05-30 17:47:39',2),(150,91,'Perfect & Modal Passives','You can form passive with perfect and modal verbs:  \n– Perfect passive: “The report had been submitted before the deadline.”  \n– Modal passive: “The rules must be followed.”  \nNotice word order: modal → be → past participle.',2,'2025-05-30 17:47:39',2),(151,91,'Get-Passive & Emphasis','A colloquial passive uses **get** instead of be:  \n“They got invited to the party.”  \nUse get-passive for events or changes of state.  \nUse be-passive for formal writing.',3,'2025-05-30 17:47:39',2),(152,91,'Causative with Have & Get','Causative structures show someone arranges for another to do something:  \n– **have + object + past participle**: “I had my car repaired.”  \n– **get + object + past participle**: “She got her hair done.”  \nUse get for informal contexts.',4,'2025-05-30 17:47:39',2),(153,91,'Example Dialogue & Comparison','A: Who painted this wall?  \nB: It was painted last week.  \nA: I need new windows.  \nB: You can have them installed tomorrow or get them installed next week.',5,'2025-05-30 17:47:39',2),(154,92,'Introduction to Nominalisation','Nominalisation is the process of turning verbs or adjectives into nouns to create a more formal or abstract style.  \nFor example:  \n• “to decide” → “decision”  \n• “successful” → “success”  \nThis helps achieve conciseness and formality.',1,'2025-05-30 17:48:35',3),(155,92,'Common Nominalisation Suffixes','Learn the most frequent suffixes:  \n— **-tion**: create → creation, inform → information  \n— **-ment**: improve → improvement, achieve → achievement  \n— **-ity**: active → activity, possible → possibility  \n— **-ance**/​**-ence**: vary → variance, differ → difference',2,'2025-05-30 17:48:35',3),(156,92,'Benefits in Formal Writing','Nominalisation adds formality and objectivity.  \nCompare:  \n• Informal: “We analysed and we decided to postpone.”  \n• Formal: “The analysis led to the decision to postpone.”  \nNotice fewer verbs, more abstract nouns.',3,'2025-05-30 17:48:35',3),(157,92,'Examples & Conversions','Convert these pairs:  \n1) “We will discuss this tomorrow.” → “A discussion will take place tomorrow.”  \n2) “They agreed on a plan.” → “An agreement was reached on the plan.”  \nPractice these structures in your own sentences.',4,'2025-05-30 17:48:35',3),(158,92,'Formal Register Tips','In formal register, prefer neutral vocabulary and avoid contractions.  \nUse phrases like “It is necessary to…” instead of “We need to…”  \nUse passive or nominalised structures to emphasise processes and outcomes.',5,'2025-05-30 17:48:35',3),(159,93,'Introduction to Cohesion','Cohesion in writing and speaking uses discourse markers to link ideas, sentences and paragraphs smoothly.  \nThese markers signal relationships like addition, contrast, cause and sequence.',1,'2025-05-30 17:49:32',4),(160,93,'Additive Markers','Additive markers add information or reinforce points. Common examples:  \n• moreover  \n• furthermore  \n• in addition  \n• also  \nUse them to build on previous ideas: “Moreover, the study confirms our hypothesis.”',2,'2025-05-30 17:49:32',4),(161,93,'Contrastive Markers','Contrastive markers show opposition or restriction. Use:  \n• however  \n• although  \n• on the other hand  \n• nevertheless  \nExample: “The plan was sound; however, it failed in practice.”',3,'2025-05-30 17:49:32',4),(162,93,'Causal & Result Markers','Causal markers explain reasons or results:  \n• because  \n• therefore  \n• thus  \n• as a result  \nExample: “She studied hard; therefore, she passed with top marks.”',4,'2025-05-30 17:49:32',4),(163,93,'Sequencing & Concession','Sequencing markers order points: firstly, secondly, finally.  \nConcession markers signal contrast despite facts:  \n• despite  \n• even though  \n• nevertheless  \nExample: “Despite the rain, we continued the match.”',5,'2025-05-30 17:49:32',4),(164,94,'Understanding Idioms','Idioms are fixed expressions whose meaning cannot be deduced from individual words.  \nExamples:  \n• to hit the nail on the head (to describe exactly what is causing a situation)  \n• to spill the beans (to reveal a secret).  \nLearn their usage and register.',1,'2025-05-30 17:50:58',5),(165,94,'Common Verb–Noun Collocations','Collocations are natural word partnerships native speakers use.  \nExamples:  \n• make a decision (not do a decision)  \n• take a chance (not make a chance)  \n• pay attention (not give attention).  \nPractice choosing correct verbs with nouns.',2,'2025-05-30 17:50:58',5),(166,94,'Separable & Inseparable Phrasal Verbs','Phrasal verbs combine verb + particle.  \nSeparable: object may go between verb and particle (e.g., “turn the light off” / “turn off the light”).  \nInseparable: object must follow the verb phrase (e.g., “look after the child”).',3,'2025-05-30 17:50:58',5),(167,94,'Contextual Usage & Formality','Some idioms and phrasal verbs are informal; choose alternatives in formal writing.  \nE.g., “deal with” (informal) vs. “address” (formal).  \nUnderstand register and context before using.',4,'2025-05-30 17:50:58',5),(168,94,'Example Dialogue','A: Let’s call it a day.  \nB: Sure, we’ve hit the nail on the head with this solution.  \nA: Don’t forget to pay attention to the details tomorrow.  \nB: Will do!',5,'2025-05-30 17:50:58',5);
/*!40000 ALTER TABLE `module_slides` ENABLE KEYS */;
UNLOCK TABLES;

--
-- Table structure for table `modules`
--

DROP TABLE IF EXISTS `modules`;
/*!40101 SET @saved_cs_client     = @@character_set_client */;
/*!50503 SET character_set_client = utf8mb4 */;
CREATE TABLE `modules` (
  `id` int NOT NULL AUTO_INCREMENT,
  `level_id` int NOT NULL,
  `title` varchar(100) NOT NULL,
  `description` text,
  `sequence` int NOT NULL,
  `points` int NOT NULL DEFAULT '50',
  `created_at` timestamp NULL DEFAULT CURRENT_TIMESTAMP,
  `updated_at` timestamp NULL DEFAULT CURRENT_TIMESTAMP ON UPDATE CURRENT_TIMESTAMP,
  `order_id` int NOT NULL,
  PRIMARY KEY (`id`),
  UNIQUE KEY `level_id` (`level_id`,`sequence`),
  KEY `idx_modules_level_id` (`level_id`),
  CONSTRAINT `modules_ibfk_1` FOREIGN KEY (`level_id`) REFERENCES `module_levels` (`id`)
) ENGINE=InnoDB AUTO_INCREMENT=95 DEFAULT CHARSET=utf8mb4 COLLATE=utf8mb4_0900_ai_ci;
/*!40101 SET character_set_client = @saved_cs_client */;

--
-- Dumping data for table `modules`
--

LOCK TABLES `modules` WRITE;
/*!40000 ALTER TABLE `modules` DISABLE KEYS */;
INSERT INTO `modules` VALUES (75,1,'Английский алфавит и произношение','Изучите буквы английского алфавита (A–Z), основные звуки и правила произношения. Научитесь правильно произносить и писать простые слова.',1,20,'2025-05-30 15:39:20','2025-05-30 15:39:20',1),(76,1,'Приветствия и знакомства','Фразы для приветствия, знакомства и вежливого общения. Как спросить и ответить: \"Как тебя зовут?\", \"Как дела?\"',2,20,'2025-05-30 15:39:20','2025-05-30 15:39:20',2),(77,1,'Числа, даты и время','Изучите числа от 1 до 100, как называть дни недели, месяцы и спрашивать время.',3,20,'2025-05-30 15:39:20','2025-05-30 15:39:20',3),(78,1,'Семья и личная информация','Слова для описания семьи, рассказ о себе: возраст, национальность, профессия.',4,20,'2025-05-30 15:39:20','2025-05-30 15:39:20',4),(79,1,'Цвета, формы и описания','Основные цвета, простые формы и прилагательные для описания предметов.',5,20,'2025-05-30 15:39:20','2025-05-30 15:39:20',5),(80,1,'Еда и заказ в кафе','Слова для еды и напитков, как вежливо заказать блюдо или напиток в кафе.',6,20,'2025-05-30 15:39:20','2025-05-30 15:39:20',6),(81,1,'Распорядок дня и хобби','Глаголы в настоящем времени, описание ежедневных дел и любимых занятий.',7,20,'2025-05-30 15:39:20','2025-05-30 15:39:20',7),(82,1,'В городе: направления и места','Как спросить дорогу, описать расположение и назвать популярные места в городе.',8,20,'2025-05-30 15:39:20','2025-05-30 15:39:20',8),(83,1,'Погода и времена года','Слова для описания погоды, как спросить о погоде и назвать времена года.',9,20,'2025-05-30 15:39:20','2025-05-30 15:39:20',9),(84,1,'Покупки и деньги','Как спросить цену, описать покупки, использовать фразы для оплаты и возврата.',10,20,'2025-05-30 15:39:20','2025-05-30 15:39:20',10),(85,2,'Present Perfect vs Past Simple','Compare the use of Present Perfect for experiences and recent actions versus Past Simple for completed past events. Learn key signal words: already, yet, just, yesterday, last week.',1,75,'2025-05-30 16:28:26','2025-05-30 16:28:26',1),(86,2,'Past Continuous & Interrupted Actions','Form the Past Continuous (was/were + -ing) to describe background actions and use Past Simple to show interruptions: “I was reading when the phone rang.”',2,75,'2025-05-30 16:28:26','2025-05-30 16:28:26',2),(87,2,'Future Forms: will, going to & Present Continuous','Learn when to use “will” for decisions, “going to” for plans, and Present Continuous for fixed arrangements. Practice with time markers and examples.',3,75,'2025-05-30 16:28:26','2025-05-30 16:28:26',3),(88,2,'First & Second Conditional Sentences','Study real and hypothetical conditionals: First Conditional for real situations (“If it rains, I will stay home”) and Second Conditional for unlikely or imagined events (“If I won the lottery, I would travel”).',4,75,'2025-05-30 16:28:26','2025-05-30 16:28:26',4),(89,2,'Modal Verbs for Advice, Obligation & Deduction','Use must, have to for obligation; should, ought to for advice; and may, might, can’t for expressing possibility or certainty. Practice with example sentences.',5,75,'2025-05-30 16:28:26','2025-05-30 16:28:26',5),(90,3,'Mixed & Third Conditionals','Practice combining past and present conditions to express regrets, hypotheticals and counterfactuals. Learn third conditional form: If + past perfect, would have + past participle.',1,100,'2025-05-30 16:57:43','2025-05-30 16:57:43',1),(91,3,'Advanced Passive & Causative Constructions','Explore passive voice in all its forms—perfect, modals, get-passives—and master causative structures with have/get: have something done, get someone to do something.',2,100,'2025-05-30 16:57:43','2025-05-30 16:57:43',2),(92,3,'Nominalisation & Formal Register','Transform verbs and adjectives into abstract nouns (nominalisations) for conciseness. Understand when to use formal register in reports, essays and business writing.',3,100,'2025-05-30 16:57:43','2025-05-30 16:57:43',3),(93,3,'Cohesion & Discourse Markers','Use advanced linking words and discourse markers—addition, contrast, cause/effect, concession—to structure ideas cohesively in both writing and speaking.',4,100,'2025-05-30 16:57:43','2025-05-30 16:57:43',4),(94,3,'Idioms, Collocations & Phrasal Verbs in Context','Learn high-frequency idiomatic expressions, precise verb+noun collocations and context-appropriate phrasal verbs to achieve natural, fluent English.',5,100,'2025-05-30 16:57:43','2025-05-30 16:57:43',5);
/*!40000 ALTER TABLE `modules` ENABLE KEYS */;
UNLOCK TABLES;

--
-- Table structure for table `test_questions`
--

DROP TABLE IF EXISTS `test_questions`;
/*!40101 SET @saved_cs_client     = @@character_set_client */;
/*!50503 SET character_set_client = utf8mb4 */;
CREATE TABLE `test_questions` (
  `id` int NOT NULL AUTO_INCREMENT,
  `test_id` int NOT NULL,
  `question_text` text NOT NULL,
  `question_type` varchar(20) NOT NULL DEFAULT 'multiple_choice',
  `options` json NOT NULL,
  `correct_answer` text NOT NULL,
  `created_at` timestamp NULL DEFAULT CURRENT_TIMESTAMP,
  PRIMARY KEY (`id`),
  KEY `test_id` (`test_id`),
  CONSTRAINT `test_questions_ibfk_1` FOREIGN KEY (`test_id`) REFERENCES `tests` (`id`) ON DELETE CASCADE
) ENGINE=InnoDB AUTO_INCREMENT=358 DEFAULT CHARSET=utf8mb4 COLLATE=utf8mb4_0900_ai_ci;
/*!40101 SET character_set_client = @saved_cs_client */;

--
-- Dumping data for table `test_questions`
--

LOCK TABLES `test_questions` WRITE;
/*!40000 ALTER TABLE `test_questions` DISABLE KEYS */;
INSERT INTO `test_questions` VALUES (64,33,'Сколько букв в английском алфавите?','multiple_choice','[\"24\", \"25\", \"26\", \"27\"]','26','2025-05-30 18:04:28'),(65,33,'Какая буква идёт после G?','multiple_choice','[\"F\", \"H\", \"I\", \"J\"]','H','2025-05-30 18:04:28'),(66,33,'Какая из этих букв является гласной?','multiple_choice','[\"B\", \"C\", \"E\", \"G\"]','E','2025-05-30 18:04:28'),(67,33,'Как правильно пишется слово \"cat\" (кот)?','multiple_choice','[\"kat\", \"cat\", \"cet\", \"cut\"]','cat','2025-05-30 18:04:28'),(68,33,'Какая буква первая в слове \"dog\"?','multiple_choice','[\"C\", \"D\", \"E\", \"G\"]','D','2025-05-30 18:04:28'),(69,33,'Какая буква последняя в алфавите?','multiple_choice','[\"X\", \"Y\", \"Z\", \"W\"]','Z','2025-05-30 18:04:28'),(70,33,'Выберите правильное написание слова “receive”.','multiple_choice','[\"receive\", \"recieve\", \"receeve\", \"receve\"]','receive','2025-05-30 18:04:28'),(71,33,'Напишите букву, стоящую перед M.','input','[]','L','2025-05-30 18:04:28'),(72,33,'Напишите слово “мама” по-английски.','input','[]','mother','2025-05-30 18:04:28'),(73,33,'Напишите букву Z по-английски (прописная).','input','[]','Z','2025-05-30 18:04:28'),(74,33,'Напишите слово “собака” по-английски.','input','[]','dog','2025-05-30 18:04:28'),(75,33,'Напишите букву, стоящую после K.','input','[]','L','2025-05-30 18:04:28'),(76,33,'Напишите слово “кот” по-английски.','input','[]','cat','2025-05-30 18:04:28'),(77,33,'Напишите букву Q по-английски (строчная).','input','[]','q','2025-05-30 18:04:28'),(78,34,'Как сказать «Привет» по-английски?','multiple_choice','[\"Hi\", \"Hello\", \"Hey\", \"Hola\"]','Hi','2025-05-30 18:05:25'),(79,34,'Какое приветствие используется утром?','multiple_choice','[\"Good morning\", \"Good night\", \"Good afternoon\", \"Good evening\"]','Good morning','2025-05-30 18:05:25'),(80,34,'Как спросить имя формально?','multiple_choice','[\"What is your name?\", \"How old are you?\", \"Where are you?\", \"Who are you?\"]','What is your name?','2025-05-30 18:05:25'),(81,34,'Выберите правильный ответ на «How are you?»','multiple_choice','[\"I am fine, thank you.\", \"I fine.\", \"Fine, you?\", \"Am fine.\"]','I am fine, thank you.','2025-05-30 18:05:25'),(82,34,'Какая фраза означает «До скорого»?','multiple_choice','[\"See you soon\", \"Goodbye\", \"Hello\", \"Nice to meet you\"]','See you soon','2025-05-30 18:05:25'),(83,34,'Как по-английски «Приятно познакомиться»?','multiple_choice','[\"Nice to meet you\", \"Nice to see you\", \"Good to meet\", \"Pleased to meet\"]','Nice to meet you','2025-05-30 18:05:25'),(84,34,'Какое приветствие наиболее неформальное?','multiple_choice','[\"Good afternoon\", \"Good morning\", \"Hey\", \"Good evening\"]','Hey','2025-05-30 18:05:25'),(85,34,'Переведите на английский: «Как тебя зовут?»','input','[]','what is your name','2025-05-30 18:05:25'),(86,34,'Напишите ответ: «Приятно познакомиться.»','input','[]','nice to meet you','2025-05-30 18:05:25'),(87,34,'Переведите: «Добрый вечер.»','input','[]','good evening','2025-05-30 18:05:25'),(88,34,'Напишите фразу для «Спокойной ночи.»','input','[]','good night','2025-05-30 18:05:25'),(89,34,'Переведите: «Как дела?»','input','[]','how are you','2025-05-30 18:05:25'),(90,34,'Напишите неформальное приветствие: «Привет.»','input','[]','hi','2025-05-30 18:05:25'),(91,34,'Переведите на английский: «До скорого!»','input','[]','see you soon','2025-05-30 18:05:25'),(106,37,'Как переводится «мать»?','multiple_choice','[\"mother\", \"father\", \"sister\", \"brother\"]','mother','2025-05-30 18:11:59'),(107,37,'Какая из этих слов означает «брат»?','multiple_choice','[\"father\", \"brother\", \"sister\", \"uncle\"]','brother','2025-05-30 18:11:59'),(108,37,'Как спросить возраст по-английски?','multiple_choice','[\"What is your age?\", \"How old are you?\", \"Where are you from?\", \"What is your job?\"]','How old are you?','2025-05-30 18:11:59'),(109,37,'Как спросить национальность?','multiple_choice','[\"What is your nationality?\", \"Where do you live?\", \"How old are you?\", \"What is your name?\"]','What is your nationality?','2025-05-30 18:11:59'),(110,37,'Что означает «sister»?','multiple_choice','[\"mother\", \"sister\", \"brother\", \"friend\"]','sister','2025-05-30 18:11:59'),(111,37,'Как по-английски «Я студент»?','multiple_choice','[\"I am a student\", \"I is student\", \"I be student\", \"I student\"]','I am a student','2025-05-30 18:11:59'),(112,37,'Какая фраза спрашивает профессию?','multiple_choice','[\"What do you do?\", \"Where do you work?\", \"How old are you?\", \"What do you study?\"]','What do you do?','2025-05-30 18:11:59'),(113,37,'Напишите по-английски: «мама».','input','[]','mother','2025-05-30 18:11:59'),(114,37,'Напишите: «сестра» по-английски.','input','[]','sister','2025-05-30 18:11:59'),(115,37,'Переведите на английский: «Я инженер».','input','[]','i am an engineer','2025-05-30 18:11:59'),(116,37,'Заполните пропуск: \"My name ____ John.\"','input','[]','is','2025-05-30 18:11:59'),(117,37,'Переведите: «Мне 20 лет».','input','[]','i am 20 years old','2025-05-30 18:11:59'),(118,37,'Переведите: «Я из России».','input','[]','i am from russia','2025-05-30 18:11:59'),(119,37,'Заполните: \"I ____ a teacher.\"','input','[]','am','2025-05-30 18:11:59'),(120,38,'Как переводится слово «красный»?','multiple_choice','[\"red\", \"blue\", \"green\", \"yellow\"]','red','2025-05-30 18:17:17'),(121,38,'Как переводится «синий»?','multiple_choice','[\"blue\", \"red\", \"yellow\", \"green\"]','blue','2025-05-30 18:17:17'),(122,38,'Как переводится «круг»?','multiple_choice','[\"circle\", \"square\", \"triangle\", \"rectangle\"]','circle','2025-05-30 18:17:17'),(123,38,'Как переводится «квадрат»?','multiple_choice','[\"square\", \"circle\", \"triangle\", \"rectangle\"]','square','2025-05-30 18:17:17'),(124,38,'Как переводится «большой»?','multiple_choice','[\"big\", \"small\", \"round\", \"long\"]','big','2025-05-30 18:17:17'),(125,38,'Как переводится «круглый»?','multiple_choice','[\"round\", \"square\", \"triangle\", \"rectangle\"]','round','2025-05-30 18:17:17'),(126,38,'Как переводится «фиолетовый»?','multiple_choice','[\"purple\", \"pink\", \"brown\", \"orange\"]','purple','2025-05-30 18:17:17'),(127,38,'Напишите по-английски: «желтый».','input','[]','yellow','2025-05-30 18:17:17'),(128,38,'Напишите: «треугольник» по-английски.','input','[]','triangle','2025-05-30 18:17:17'),(129,38,'Напишите: «прямоугольник» по-английски.','input','[]','rectangle','2025-05-30 18:17:17'),(130,38,'Напишите: «круглый» по-английски.','input','[]','round','2025-05-30 18:17:17'),(131,38,'Напишите: «маленький» по-английски.','input','[]','small','2025-05-30 18:17:17'),(132,38,'Составьте фразу: «большой зелёный круг».','input','[]','big green circle','2025-05-30 18:17:17'),(133,38,'Составьте фразу: «красный квадрат».','input','[]','red square','2025-05-30 18:17:17'),(134,39,'Как переводится слово «яблоко»?','multiple_choice','[\"apple\", \"banana\", \"orange\", \"grape\"]','apple','2025-05-30 18:20:08'),(135,39,'Как переводится «кофе»?','multiple_choice','[\"coffee\", \"tea\", \"juice\", \"water\"]','coffee','2025-05-30 18:20:08'),(136,39,'Как спросить «Можно мне…?» по-английски?','multiple_choice','[\"Can I have\", \"May I have\", \"I can have\", \"I may have\"]','Can I have','2025-05-30 18:20:08'),(137,39,'Как переводится «чай»?','multiple_choice','[\"tea\", \"coffee\", \"water\", \"milk\"]','tea','2025-05-30 18:20:08'),(138,39,'Как спросить счёт в кафе?','multiple_choice','[\"Can I have the bill please?\", \"Give me the bill.\", \"Bill please\", \"Check please\"]','Can I have the bill please?','2025-05-30 18:20:08'),(139,39,'Как переводится «салат»?','multiple_choice','[\"salad\", \"soup\", \"bread\", \"cake\"]','salad','2025-05-30 18:20:08'),(140,39,'Как переводится «бутерброд»?','multiple_choice','[\"sandwich\", \"salmon\", \"soup\", \"salad\"]','sandwich','2025-05-30 18:20:08'),(141,39,'Напишите по-английски: «банан».','input','[]','banana','2025-05-30 18:20:08'),(142,39,'Напишите: «суп» по-английски.','input','[]','soup','2025-05-30 18:20:08'),(143,39,'Переведите: «Можно мне чашку чая, пожалуйста».','input','[]','can i have a cup of tea please','2025-05-30 18:20:08'),(144,39,'Напишите: «вода» по-английски.','input','[]','water','2025-05-30 18:20:08'),(145,39,'Переведите: «Я хочу сэндвич».','input','[]','i would like a sandwich','2025-05-30 18:20:08'),(146,39,'Напишите: «чек, пожалуйста» по-английски.','input','[]','check please','2025-05-30 18:20:08'),(147,39,'Переведите: «У вас есть чай?»','input','[]','do you have tea','2025-05-30 18:20:08'),(148,40,'Как перевести «Я просыпаюсь в семь часов.»?','multiple_choice','[\"I wake up at seven.\", \"I woke up at seven.\", \"I am waking up at seven.\", \"I wakes up at seven.\"]','I wake up at seven.','2025-05-30 18:21:51'),(149,40,'Как перевести «Он завтракает в шесть утра.»?','multiple_choice','[\"He has breakfast at six am.\", \"He had breakfast at six am.\", \"He is having breakfast at six am.\", \"He have breakfast at six am.\"]','He has breakfast at six am.','2025-05-30 18:21:51'),(150,40,'Как перевести «Я играю в футбол по выходным.»?','multiple_choice','[\"I play football on weekends.\", \"I am playing football on weekends.\", \"I played football on weekends.\", \"I will play football on weekends.\"]','I play football on weekends.','2025-05-30 18:21:51'),(151,40,'Как спросить «Что ты любишь делать в свободное время?»?','multiple_choice','[\"What do you like to do in your free time?\", \"What you like to do free time?\", \"What do like do in your free time?\", \"What do you like do in your free time?\"]','What do you like to do in your free time?','2025-05-30 18:21:51'),(152,40,'Как перевести «Мы идём на работу в девять.»?','multiple_choice','[\"We go to work at nine.\", \"We are going to work at nine.\", \"We going to work at nine.\", \"We go work at nine.\"]','We go to work at nine.','2025-05-30 18:21:51'),(153,40,'Какая из этих фраз описывает распорядок дня?','multiple_choice','[\"I read a book at night.\", \"I am reading a book at night.\", \"I will read a book at night.\", \"I read a book yesterday.\"]','I read a book at night.','2025-05-30 18:21:51'),(154,40,'Как спросить «Какое у тебя хобби?»?','multiple_choice','[\"What is your hobby?\", \"What is your job?\", \"What are you hobby?\", \"What is hobby?\"]','What is your hobby?','2025-05-30 18:21:51'),(155,40,'Напишите по-английски: \"Я просыпаюсь в семь утра\".','input','[]','i wake up at seven','2025-05-30 18:21:51'),(156,40,'Напишите: \"Он завтракает в шесть утра\".','input','[]','he has breakfast at six am','2025-05-30 18:21:51'),(157,40,'Переведите: \"Я играю в футбол\".','input','[]','i play football','2025-05-30 18:21:51'),(158,40,'Переведите: \"Что ты любишь делать?\".','input','[]','what do you like to do','2025-05-30 18:21:51'),(159,40,'Напишите: \"Мы идём на работу в девять\".','input','[]','we go to work at nine','2025-05-30 18:21:51'),(160,40,'Напишите: \"У него нет хобби\".','input','[]','he does not have a hobby','2025-05-30 18:21:51'),(161,40,'Переведите: \"Я люблю читать книги\".','input','[]','i like to read books','2025-05-30 18:21:51'),(162,41,'Как переводится «банк»?','multiple_choice','[\"bank\", \"supermarket\", \"pharmacy\", \"museum\"]','bank','2025-05-30 18:23:06'),(163,41,'Как переводится «супермаркет»?','multiple_choice','[\"supermarket\", \"restaurant\", \"school\", \"hospital\"]','supermarket','2025-05-30 18:23:06'),(164,41,'Как переводится «аптека»?','multiple_choice','[\"pharmacy\", \"library\", \"cafe\", \"office\"]','pharmacy','2025-05-30 18:23:06'),(165,41,'Как спросить «Где находится банк?»?','multiple_choice','[\"Where is the bank?\", \"How is the bank?\", \"Where bank is?\", \"Where are you?\"]','Where is the bank?','2025-05-30 18:23:06'),(166,41,'Как сказать «идите прямо»?','multiple_choice','[\"go straight\", \"turn left\", \"turn right\", \"stop\"]','go straight','2025-05-30 18:23:06'),(167,41,'Как сказать «поверните налево»?','multiple_choice','[\"turn left\", \"turn right\", \"go straight\", \"stop\"]','turn left','2025-05-30 18:23:06'),(168,41,'Как сказать «поверните направо»?','multiple_choice','[\"turn right\", \"turn left\", \"go straight\", \"stop\"]','turn right','2025-05-30 18:23:06'),(169,41,'Переведите: «рядом с»','input','[]','next to','2025-05-30 18:23:06'),(170,41,'Переведите: «напротив»','input','[]','opposite','2025-05-30 18:23:06'),(171,41,'Переведите: «между»','input','[]','between','2025-05-30 18:23:06'),(172,41,'Переведите: «у банка»','input','[]','at the bank','2025-05-30 18:23:06'),(173,41,'Переведите: «пройдите мимо аптеки».','input','[]','go past the pharmacy','2025-05-30 18:23:06'),(174,41,'Переведите: «между супермаркетом и банком».','input','[]','between the supermarket and the bank','2025-05-30 18:23:06'),(175,41,'Переведите: «идите прямо».','input','[]','go straight','2025-05-30 18:23:06'),(176,42,'Как переводится «солнечно»?','multiple_choice','[\"sunny\", \"rainy\", \"cloudy\", \"windy\"]','sunny','2025-05-30 18:25:49'),(177,42,'Как переводится «облачно»?','multiple_choice','[\"cloudy\", \"sunny\", \"rainy\", \"windy\"]','cloudy','2025-05-30 18:25:49'),(178,42,'Как переводится «дождливо»?','multiple_choice','[\"rainy\", \"snowy\", \"windy\", \"sunny\"]','rainy','2025-05-30 18:25:49'),(179,42,'Как переводится «ветрено»?','multiple_choice','[\"windy\", \"cloudy\", \"sunny\", \"rainy\"]','windy','2025-05-30 18:25:49'),(180,42,'Как переводится «снежно»?','multiple_choice','[\"snowy\", \"rainy\", \"cloudy\", \"windy\"]','snowy','2025-05-30 18:25:49'),(181,42,'Как спросить «Какая сейчас погода?»','multiple_choice','[\"What is the weather like?\", \"How is weather?\", \"What weather is it?\", \"Weather like?\"]','What is the weather like?','2025-05-30 18:25:49'),(182,42,'Какая фраза означает «Сегодня жарко»?','multiple_choice','[\"It’s hot today\", \"It’s cold today\", \"It’s windy today\", \"It’s rainy today\"]','It’s hot today','2025-05-30 18:25:49'),(183,42,'Напишите по-английски: «сегодня холодно».','input','[]','it’s cold today','2025-05-30 18:25:49'),(184,42,'Напишите: «весна» по-английски.','input','[]','spring','2025-05-30 18:25:49'),(185,42,'Напишите: «лето» по-английски.','input','[]','summer','2025-05-30 18:25:49'),(186,42,'Переведите: «Это будет снежно».','input','[]','it will snow','2025-05-30 18:25:49'),(187,42,'Напишите: «прохладно» по-английски.','input','[]','cool','2025-05-30 18:25:49'),(188,42,'Напишите: «жарко» по-английски.','input','[]','hot','2025-05-30 18:25:49'),(189,42,'Переведите: «Сейчас идёт дождь».','input','[]','it is raining','2025-05-30 18:25:49'),(190,43,'Как спросить «Сколько это стоит?» по-английски?','multiple_choice','[\"How much is this?\", \"What is the price?\", \"How many is this?\", \"What costs this?\"]','How much is this?','2025-05-30 18:27:24'),(191,43,'Как перевести «дешево»?','multiple_choice','[\"cheap\", \"expensive\", \"free\", \"costly\"]','cheap','2025-05-30 18:27:24'),(192,43,'Как перевести «дорого»?','multiple_choice','[\"expensive\", \"cheap\", \"cheaply\", \"cost\"]','expensive','2025-05-30 18:27:24'),(193,43,'Как сказать «Я хочу заплатить наличными»?','multiple_choice','[\"I want to pay in cash.\", \"I want pay cash.\", \"I will pay cash.\", \"I want cash pay.\"]','I want to pay in cash.','2025-05-30 18:27:24'),(194,43,'Как спросить «Принимаете ли вы карты?»?','multiple_choice','[\"Do you accept credit cards?\", \"Can I pay by card?\", \"Do you take credit?\", \"Is card accepted?\"]','Do you accept credit cards?','2025-05-30 18:27:24'),(195,43,'Как по-английски «чек» (документ)?','multiple_choice','[\"receipt\", \"recipe\", \"bill\", \"check\"]','receipt','2025-05-30 18:27:24'),(196,43,'Как перевести «оставьте сдачу»?','multiple_choice','[\"keep the change\", \"leave the change\", \"give change\", \"take the change\"]','keep the change','2025-05-30 18:27:24'),(197,43,'Переведите: «Сколько это стоит?»','input','[]','how much is this','2025-05-30 18:27:24'),(198,43,'Напишите: «дешево» по-английски.','input','[]','cheap','2025-05-30 18:27:24'),(199,43,'Напишите: «дорого» по-английски.','input','[]','expensive','2025-05-30 18:27:24'),(200,43,'Переведите: «Я заплачу картой».','input','[]','i will pay by card','2025-05-30 18:27:24'),(201,43,'Напишите: «чек, пожалуйста» по-английски.','input','[]','check please','2025-05-30 18:27:24'),(202,43,'Переведите: «Оставьте сдачу».','input','[]','keep the change','2025-05-30 18:27:24'),(203,43,'Переведите: «Можно мне счёт, пожалуйста?»','input','[]','can i have the bill please','2025-05-30 18:27:24'),(204,44,'Which sentence uses the Present Perfect?','multiple_choice','[\"I have lived here for years.\", \"I lived here for years.\", \"I live here for years.\", \"I will live here for years.\"]','I have lived here for years.','2025-05-30 19:14:51'),(205,44,'Which signal word typically goes with Present Perfect?','multiple_choice','[\"yesterday\", \"ever\", \"last week\", \"ago\"]','ever','2025-05-30 19:14:51'),(206,44,'Which sentence is in Past Simple?','multiple_choice','[\"She has just finished.\", \"She finished last night.\", \"She has finished last night.\", \"She has been finished.\"]','She finished last night.','2025-05-30 19:14:51'),(207,44,'Choose the correct form: \"They ____ (just/arrive).\"','multiple_choice','[\"have just arrived\", \"has just arrived\", \"had just arrived\", \"have just arrive\"]','have just arrived','2025-05-30 19:14:51'),(208,44,'Which sentence expresses an experience?','multiple_choice','[\"I have been to London.\", \"I was to London.\", \"I gone to London.\", \"I had been to London.\"]','I have been to London.','2025-05-30 19:14:51'),(209,44,'Which time expression goes with Past Simple?','multiple_choice','[\"already\", \"just\", \"yesterday\", \"ever\"]','yesterday','2025-05-30 19:14:51'),(210,44,'Which is correct Present Perfect: He ____ me for ten years.','multiple_choice','[\"has known\", \"have known\", \"had known\", \"known\"]','has known','2025-05-30 19:14:51'),(211,44,'Fill in the blank: \"I ____ (finish) my homework.\"','input','[]','have finished','2025-05-30 19:14:51'),(212,44,'Fill in the blank: \"She ____ (visit) her aunt last summer.\"','input','[]','visited','2025-05-30 19:14:51'),(213,44,'Write the question: \"you / ever / see / a kangaroo?\"','input','[]','Have you ever seen a kangaroo?','2025-05-30 19:14:51'),(214,44,'Translate to English: \"Я никогда не видел кенгуру.\"','input','[]','I have never seen a kangaroo.','2025-05-30 19:14:51'),(215,44,'Fill in the blank: \"We ____ (meet) before.\"','input','[]','have met','2025-05-30 19:14:51'),(216,44,'Complete: \"I ____ (read) that book already.\"','input','[]','have read','2025-05-30 19:14:51'),(217,44,'Translate to English: \"Она только что уехала.\"','input','[]','She has just left.','2025-05-30 19:14:51'),(218,45,'Which sentence is in the Past Continuous?','multiple_choice','[\"I was reading a book at 8 pm.\", \"I read a book at 8 pm.\", \"I have read a book at 8 pm.\", \"I will read a book at 8 pm.\"]','I was reading a book at 8 pm.','2025-05-30 19:15:41'),(219,45,'Which auxiliary verb pairs with “they” in Past Continuous?','multiple_choice','[\"was\", \"were\", \"have\", \"had\"]','were','2025-05-30 19:15:41'),(220,45,'Choose the correct form: \"She ____ (sleep) when the alarm rang.\"','multiple_choice','[\"was sleeping\", \"were sleeping\", \"slept\", \"has been sleeping\"]','was sleeping','2025-05-30 19:15:41'),(221,45,'Which word introduces an interrupting action?','multiple_choice','[\"when\", \"while\", \"because\", \"before\"]','when','2025-05-30 19:15:41'),(222,45,'Which is the negative Past Continuous form?','multiple_choice','[\"They were not playing.\", \"They was not playing.\", \"They did not play.\", \"They have not played.\"]','They were not playing.','2025-05-30 19:15:41'),(223,45,'Form the question: \"you / watch / TV / at 10 pm?\"','multiple_choice','[\"Were you watching TV at 10 pm?\", \"Was you watching TV at 10 pm?\", \"Did you watch TV at 10 pm?\", \"You were watching TV at 10 pm?\"]','Were you watching TV at 10 pm?','2025-05-30 19:15:41'),(224,45,'Which sentence shows interruption in the past?','multiple_choice','[\"I was cooking dinner when the phone rang.\", \"I cooked dinner when the phone rang.\", \"I have cooked dinner when the phone rang.\", \"I will cook dinner when the phone rang.\"]','I was cooking dinner when the phone rang.','2025-05-30 19:15:41'),(225,45,'Fill in the blank: \"I ____ (read) a book at 9 pm.\"','input','[]','was reading','2025-05-30 19:15:41'),(226,45,'Write a negative: \"they / study / when / we / arrived.\"','input','[]','they were not studying when we arrived','2025-05-30 19:15:41'),(227,45,'Make a question: \"she / sleep / when / the baby / cried?\"','input','[]','was she sleeping when the baby cried?','2025-05-30 19:15:41'),(228,45,'Translate to English: \"Когда я пришёл, они смотрели телевизор.\"','input','[]','When I arrived, they were watching TV.','2025-05-30 19:15:41'),(229,45,'Translate to English: \"Он читал газету, когда зазвонил телефон.\"','input','[]','He was reading the newspaper when the phone rang.','2025-05-30 19:15:41'),(230,45,'Fill in the blank: \"While they ____ (play), it started to rain.\"','input','[]','were playing','2025-05-30 19:15:41'),(231,45,'Correct the sentence: \"I was watched TV at 8 pm.\"','input','[]','I was watching TV at 8 pm.','2025-05-30 19:15:41'),(232,46,'Which form expresses a spontaneous decision?','multiple_choice','[\"will\", \"going to\", \"present continuous\", \"past simple\"]','will','2025-05-30 19:17:49'),(233,46,'Which sentence shows a fixed arrangement?','multiple_choice','[\"I am meeting John tomorrow.\", \"I will meet John tomorrow.\", \"I am going to meet John tomorrow.\", \"I meet John tomorrow.\"]','I am meeting John tomorrow.','2025-05-30 19:17:49'),(234,46,'Choose the “going to” sentence:','multiple_choice','[\"She is going to study tonight.\", \"She will study tonight.\", \"She studies tonight.\", \"She was going to study tonight.\"]','She is going to study tonight.','2025-05-30 19:17:49'),(235,46,'Which form uses present evidence for prediction?','multiple_choice','[\"going to\", \"will\", \"must\", \"can\"]','going to','2025-05-30 19:17:49'),(236,46,'Which prediction has no evidence?','multiple_choice','[\"I think he will win.\", \"Look at the clouds—it’s going to rain.\", \"It is going to rain.\", \"I will win.\"]','I think he will win.','2025-05-30 19:17:49'),(237,46,'Which sentence uses Present Continuous for future?','multiple_choice','[\"They are visiting next week.\", \"They will visit next week.\", \"They are going to visit next week.\", \"They visit next week.\"]','They are visiting next week.','2025-05-30 19:17:49'),(238,46,'Fill with “will”: “I ____ (help) you.”','multiple_choice','[\"will help\", \"am helping\", \"helped\", \"will helps\"]','will help','2025-05-30 19:17:49'),(239,46,'Fill in the blank: \"She ____ (go) to university next year.\"','input','[]','is going to go','2025-05-30 19:17:49'),(240,46,'Write a question using going to: \"you / visit / doctor / tomorrow?\"','input','[]','Are you going to visit the doctor tomorrow?','2025-05-30 19:17:49'),(241,46,'Translate: \"Я позвоню тебе позже.\"','input','[]','I will call you later.','2025-05-30 19:17:49'),(242,46,'Translate: \"Я собираюсь купил новую машину.\"','input','[]','I am going to buy a new car.','2025-05-30 19:17:49'),(243,46,'Compose a Present Continuous: \"we / meet / at 6 pm.\"','input','[]','We are meeting at 6 pm.','2025-05-30 19:17:49'),(244,46,'Correct the form: \"He going to start tomorrow.\"','input','[]','He is going to start tomorrow.','2025-05-30 19:17:49'),(245,46,'Translate: \"Я думаю, пойдёт дождь.\"','input','[]','I think it will rain.','2025-05-30 19:17:49'),(246,47,'Which is a correct First Conditional sentence?','multiple_choice','[\"If it rains, I will stay home.\", \"If it rained, I will stay home.\", \"If it rains, I would stay home.\", \"If it will rain, I stay home.\"]','If it rains, I will stay home.','2025-05-30 19:18:35'),(247,47,'Which is a Second Conditional example?','multiple_choice','[\"If I won the lottery, I would travel the world.\", \"If I win the lottery, I will travel the world.\", \"If I would win the lottery, I would travel the world.\", \"If I win the lottery, I would travel the world.\"]','If I won the lottery, I would travel the world.','2025-05-30 19:18:35'),(248,47,'What tense follows “If” in the Second Conditional?','multiple_choice','[\"Past Simple\", \"Present Simple\", \"Past Perfect\", \"Future Simple\"]','Past Simple','2025-05-30 19:18:35'),(249,47,'Which signal word is used in conditionals?','multiple_choice','[\"if\", \"when\", \"because\", \"until\"]','if','2025-05-30 19:18:35'),(250,47,'Choose the correct result clause (First Conditional):','multiple_choice','[\"I will go.\", \"I would go.\", \"I go.\", \"I going.\"]','I will go.','2025-05-30 19:18:35'),(251,47,'Which sentence is NOT a valid Second Conditional?','multiple_choice','[\"If I had wings, I would fly.\", \"If I have wings, I would fly.\", \"If I were rich, I would buy a car.\", \"If I won the lottery, I would buy a car.\"]','If I have wings, I would fly.','2025-05-30 19:18:35'),(252,47,'Which modal verb appears in Second Conditional?','multiple_choice','[\"would\", \"will\", \"must\", \"can\"]','would','2025-05-30 19:18:35'),(253,47,'Fill in the blank (First Conditional): “If she ____ (study), she ____ (pass).”','input','[]','studies / will pass','2025-05-30 19:18:35'),(254,47,'Fill in the blank (Second Conditional): “If I ____ (be) you, I ____ (take) that job.”','input','[]','were / would take','2025-05-30 19:18:35'),(255,47,'Write a First Conditional question: \"you / come / party / if / invited?\"','input','[]','Will you come to the party if invited?','2025-05-30 19:18:35'),(256,47,'Translate to English (First): “Если я получу билет, я пойду.”','input','[]','If I get a ticket, I will go.','2025-05-30 19:18:35'),(257,47,'Translate to English (Second): “Если бы у меня было время, я бы помог.”','input','[]','If I had time, I would help.','2025-05-30 19:18:35'),(258,47,'Correct the sentence to Second Conditional: “If she knows the answer, she would tell us.”','input','[]','If she knew the answer, she would tell us.','2025-05-30 19:18:35'),(259,47,'Create a result clause (Second): “If he studied harder, ____.”','input','[]','he would pass the exam.','2025-05-30 19:18:35'),(260,48,'Which modal verb expresses personal obligation?','multiple_choice','[\"must\", \"may\", \"might\", \"can\"]','must','2025-05-30 19:20:43'),(261,48,'Which modal indicates external rules or necessity?','multiple_choice','[\"have to\", \"must\", \"should\", \"may\"]','have to','2025-05-30 19:20:43'),(262,48,'Which modal is used to give advice?','multiple_choice','[\"should\", \"can\", \"will\", \"might\"]','should','2025-05-30 19:20:43'),(263,48,'Which modal is more formal for advice?','multiple_choice','[\"ought to\", \"should\", \"must\", \"can\"]','ought to','2025-05-30 19:20:43'),(264,48,'Which modal verb expresses possibility?','multiple_choice','[\"might\", \"must\", \"should\", \"have to\"]','might','2025-05-30 19:20:43'),(265,48,'Which modal expresses logical impossibility?','multiple_choice','[\"can’t\", \"may\", \"wouldn’t\", \"shouldn’t\"]','can’t','2025-05-30 19:20:43'),(266,48,'Choose the correct negative of “have to”:','multiple_choice','[\"don’t have to\", \"mustn’t\", \"can’t\", \"shouldn’t\"]','don’t have to','2025-05-30 19:20:43'),(267,48,'Fill in the blank: “You ____ (must) arrive on time.”','input','[]','must','2025-05-30 19:20:43'),(268,48,'Translate to English: “Мне следует позвонить врачу.”','input','[]','i should call a doctor','2025-05-30 19:20:43'),(269,48,'Translate to English: “Я должен закончить проект.”','input','[]','i must finish the project','2025-05-30 19:20:43'),(270,48,'Correct the sentence: “He should to go.”','input','[]','he should go','2025-05-30 19:20:43'),(271,48,'Form a question: “she / have to / work late?”','input','[]','does she have to work late?','2025-05-30 19:20:43'),(272,48,'Fill in the blank for possibility: “He ____ (might) come later.”','input','[]','might','2025-05-30 19:20:43'),(273,48,'Translate to English: “Он не обязан приходить.”','input','[]','he doesn’t have to come','2025-05-30 19:20:43'),(274,49,'Which sentence correctly uses the Third Conditional?','multiple_choice','[\"If I had studied, I would have passed the exam.\", \"If I studied, I will have passed the exam.\", \"If I have studied, I would pass the exam.\", \"If I study, I would have passed the exam.\"]','If I had studied, I would have passed the exam.','2025-05-30 19:21:42'),(275,49,'What tense is used in the “if” clause of the Third Conditional?','multiple_choice','[\"Past Perfect\", \"Past Simple\", \"Present Perfect\", \"Future Perfect\"]','Past Perfect','2025-05-30 19:21:42'),(276,49,'Which auxiliary appears in the main clause of the Third Conditional?','multiple_choice','[\"would have\", \"had been\", \"will have\", \"has been\"]','would have','2025-05-30 19:21:42'),(277,49,'Identify the Mixed Conditional example:','multiple_choice','[\"If I had taken the job, I would be living in London now.\", \"If I take the job, I would have lived in London.\", \"If I take the job, I will live in London now.\", \"If I had taken the job, I will live in London now.\"]','If I had taken the job, I would be living in London now.','2025-05-30 19:21:42'),(278,49,'Which sentence expresses regret using Third Conditional?','multiple_choice','[\"I wish I had known earlier.\", \"I wish I know earlier.\", \"I wish I would have known earlier.\", \"I wish I will know earlier.\"]','I wish I had known earlier.','2025-05-30 19:21:42'),(279,49,'Choose the correct past perfect form:','multiple_choice','[\"had gone\", \"have gone\", \"went\", \"gone\"]','had gone','2025-05-30 19:21:42'),(280,49,'Which result clause completes this? “If she had left on time, she ____.”','multiple_choice','[\"would have caught the train.\", \"will have caught the train.\", \"would catch the train.\", \"had caught the train.\"]','would have caught the train.','2025-05-30 19:21:42'),(281,49,'Fill in the blanks: “If I ____ (know) you were coming, I ____ (prepare) a meal.”','input','[]','had known / would have prepared','2025-05-30 19:21:42'),(282,49,'Translate to English: “Если бы я знал об этом раньше, я бы помог.”','input','[]','If I had known about it earlier, I would have helped.','2025-05-30 19:21:42'),(283,49,'Write a Mixed Conditional: “Если бы он выиграл лотерею, он был бы богат сейчас.”','input','[]','If he had won the lottery, he would be rich now.','2025-05-30 19:21:42'),(284,49,'Correct the error: “If I had went, I would have seen her.”','input','[]','If I had gone, I would have seen her.','2025-05-30 19:21:42'),(285,49,'Create a Third Conditional: “Если бы они вышли раньше, ____.”','input','[]','If they had left earlier, they would not have missed the bus.','2025-05-30 19:21:42'),(286,49,'Translate: “Я бы купил билет, если бы знал цену.”','input','[]','I would have bought the ticket if I had known the price.','2025-05-30 19:21:42'),(287,49,'Fill in the blank for Mixed: “If she ____ (be) more careful, she ____ (not/miss) the train now.”','input','[]','had been / would not have missed','2025-05-30 19:21:42'),(288,50,'Which is the correct passive of \"They will finish the work\"?','multiple_choice','[\"The work will be finished by them.\", \"The work will finish by them.\", \"Will the work be finished by them?\", \"The work is finished by them.\"]','The work will be finished by them.','2025-05-30 19:22:27'),(289,50,'Identify the perfect passive sentence:','multiple_choice','[\"The report had been submitted before the deadline.\", \"The report has been submitted before the deadline.\", \"The report was submitted before the deadline.\", \"The report had submitted before the deadline.\"]','The report had been submitted before the deadline.','2025-05-30 19:22:27'),(290,50,'Choose the modal passive:','multiple_choice','[\"The rules must be followed.\", \"The rules must follow.\", \"Must the rules be followed?\", \"The rules are must followed.\"]','The rules must be followed.','2025-05-30 19:22:27'),(291,50,'Which sentence uses the get-passive correctly?','multiple_choice','[\"They got invited to the party.\", \"They got to invite to the party.\", \"They were got invited to the party.\", \"They are got invited to the party.\"]','They got invited to the party.','2025-05-30 19:22:27'),(292,50,'Select the formal be-passive:','multiple_choice','[\"The files have been delivered.\", \"They have delivered the files.\", \"The files got delivered.\", \"The files delivered have been.\"]','The files have been delivered.','2025-05-30 19:22:27'),(293,50,'Which is a causative with have?','multiple_choice','[\"I had my car repaired.\", \"I repaired my car had.\", \"I had repaired my car.\", \"My car had been repaired.\"]','I had my car repaired.','2025-05-30 19:22:27'),(294,50,'Which is NOT a passive sentence?','multiple_choice','[\"They built a house.\", \"A house was built by them.\", \"The house is being built.\", \"The house has been built.\"]','They built a house.','2025-05-30 19:22:27'),(295,50,'Form the passive: “They deliver the goods daily.”','input','[]','the goods are delivered daily','2025-05-30 19:22:27'),(296,50,'Convert to perfect passive: “They had completed the test.”','input','[]','the test had been completed','2025-05-30 19:22:27'),(297,50,'Create a get-passive: “He arranged someone to fix the computer.”','input','[]','he got the computer fixed','2025-05-30 19:22:27'),(298,50,'Write a causative with have: “I arranged a mechanic to clean my engine.”','input','[]','i had my engine cleaned','2025-05-30 19:22:27'),(299,50,'Translate to passive: “People speak English all over the world.”','input','[]','english is spoken all over the world','2025-05-30 19:22:27'),(300,50,'Form a modal passive: “You must obey the law.”','input','[]','the law must be obeyed','2025-05-30 19:22:27'),(301,50,'Turn into perfect passive: “Someone has stolen my wallet.”','input','[]','my wallet has been stolen','2025-05-30 19:22:27'),(302,51,'Which is the correct nominalisation of \"to decide\"?','multiple_choice','[\"decide\", \"decision\", \"deciding\", \"decisio\"]','decision','2025-05-30 19:23:18'),(303,51,'Which suffix makes a noun from \"to improve\"?','multiple_choice','[\"-tion\", \"-ment\", \"-ity\", \"-ance\"]','-ment','2025-05-30 19:23:18'),(304,51,'Which sentence uses nominalisation?','multiple_choice','[\"The investigation revealed new facts.\", \"They investigated the new facts.\", \"Investigating the new facts was done.\", \"We investigate new facts.\"]','The investigation revealed new facts.','2025-05-30 19:23:18'),(305,51,'Which suffix applies to the adjective \"active\"?','multiple_choice','[\"-ity\", \"-tion\", \"-ment\", \"-ance\"]','-ity','2025-05-30 19:23:18'),(306,51,'Choose the formal version of \"We need to finish the report.\"','multiple_choice','[\"Report completion is required.\", \"We need to complete the report.\", \"Completing the report is needed.\", \"Finish the report, please.\"]','Report completion is required.','2025-05-30 19:23:18'),(307,51,'Which word is a nominalisation of \"perform\"?','multiple_choice','[\"perform\", \"performance\", \"performing\", \"performed\"]','performance','2025-05-30 19:23:18'),(308,51,'Which is a formal register tip?','multiple_choice','[\"Avoid contractions like \\\"don\'t\\\".\", \"Use slang for emphasis.\", \"Write in first person always.\", \"Include emoticons 😊\"]','Avoid contractions like \"don\'t\".','2025-05-30 19:23:18'),(309,51,'Nominalise the verb \"to create\".','input','[]','creation','2025-05-30 19:23:18'),(310,51,'Nominalise the adjective \"accurate\".','input','[]','accuracy','2025-05-30 19:23:18'),(311,51,'Convert to nominalisation: \"They will evaluate the results.\"','input','[]','an evaluation of the results will be made','2025-05-30 19:23:18'),(312,51,'Convert to formal: \"We need to improve performance.\"','input','[]','performance improvement is necessary','2025-05-30 19:23:18'),(313,51,'Nominalise the verb \"to organise\".','input','[]','organisation','2025-05-30 19:23:18'),(314,51,'Convert to formal from: \"He helped me.\"','input','[]','his assistance was valuable','2025-05-30 19:23:18'),(315,51,'Write a nominalised sentence: \"She suggested we postpone the meeting.\"','input','[]','her suggestion led to the postponement of the meeting','2025-05-30 19:23:18'),(316,52,'Which word is an additive discourse marker?','multiple_choice','[\"however\", \"moreover\", \"although\", \"despite\"]','moreover','2025-05-30 19:23:47'),(317,52,'Which marker indicates contrast?','multiple_choice','[\"therefore\", \"moreover\", \"on the other hand\", \"firstly\"]','on the other hand','2025-05-30 19:23:47'),(318,52,'Which marker shows a result?','multiple_choice','[\"thus\", \"although\", \"and\", \"but\"]','thus','2025-05-30 19:23:47'),(319,52,'Which word is a causal connector?','multiple_choice','[\"because\", \"however\", \"furthermore\", \"although\"]','because','2025-05-30 19:23:47'),(320,52,'Which is a concession marker?','multiple_choice','[\"nevertheless\", \"moreover\", \"first\", \"also\"]','nevertheless','2025-05-30 19:23:47'),(321,52,'Which marker sequences points?','multiple_choice','[\"despite\", \"even though\", \"firstly\", \"moreover\"]','firstly','2025-05-30 19:23:47'),(322,52,'Which marker adds extra information?','multiple_choice','[\"however\", \"too\", \"also\", \"if\"]','also','2025-05-30 19:23:47'),(323,52,'Translate to English: \"Более того\".','input','[]','moreover','2025-05-30 19:23:47'),(324,52,'Fill in the blank: \"____, the results were inconclusive.\"','input','[]','nevertheless','2025-05-30 19:23:47'),(325,52,'Translate to English: \"Однако, это было сложно.\"','input','[]','however, it was difficult','2025-05-30 19:23:47'),(326,52,'Translate to English: \"Таким образом\".','input','[]','thus','2025-05-30 19:23:47'),(327,52,'Fill in the blank: \"____ he studied hard, he passed.\"','input','[]','because','2025-05-30 19:23:47'),(328,52,'Fill in the blank: \"____, we will discuss the findings.\"','input','[]','firstly','2025-05-30 19:23:47'),(329,52,'Translate to English: \"В результате\".','input','[]','as a result','2025-05-30 19:23:47'),(330,53,'What does \"to hit the nail on the head\" mean?','multiple_choice','[\"to be exactly right\", \"to make a mistake\", \"to hit a nail\", \"to exaggerate\"]','to be exactly right','2025-05-30 19:24:48'),(331,53,'Which expression means \"to reveal a secret\"?','multiple_choice','[\"to spill the beans\", \"to keep it under your hat\", \"to hold your tongue\", \"to drop the ball\"]','to spill the beans','2025-05-30 19:24:48'),(332,53,'Which is a correct verb–noun collocation for decision-making?','multiple_choice','[\"make a decision\", \"do a decision\", \"take a decision\", \"have a decision\"]','make a decision','2025-05-30 19:24:48'),(333,53,'Which is a correct collocation for taking risks?','multiple_choice','[\"take a chance\", \"make a chance\", \"do a chance\", \"give a chance\"]','take a chance','2025-05-30 19:24:48'),(334,53,'Which phrasal verb is separable?','multiple_choice','[\"turn off\", \"look after\", \"give up\", \"set out\"]','turn off','2025-05-30 19:24:48'),(335,53,'Which phrasal verb is inseparable?','multiple_choice','[\"look after\", \"turn off\", \"put off\", \"set off\"]','look after','2025-05-30 19:24:48'),(336,53,'Which is a formal alternative to \"deal with\"?','multiple_choice','[\"address\", \"deal with\", \"handle with\", \"work on\"]','address','2025-05-30 19:24:48'),(337,53,'Translate into English: \"решить проблему\".','input','[]','to address the problem','2025-05-30 19:24:48'),(338,53,'Provide a synonym for \"call it a day\".','input','[]','to stop working','2025-05-30 19:24:48'),(339,53,'Fill in the blank: \"Don\'t ____ the beans!\"','input','[]','spill','2025-05-30 19:24:48'),(340,53,'Translate: \"принять решение\".','input','[]','make a decision','2025-05-30 19:24:48'),(341,53,'Use a phrasal verb for \"уведомлять кого-то\".','input','[]','let someone know','2025-05-30 19:24:48'),(342,53,'Translate idiom: \"pay attention\".','input','[]','pay attention','2025-05-30 19:24:48'),(343,53,'Convert to formal: replace \"deal with\" in “We need to deal with this issue.”','input','[]','we need to address this issue','2025-05-30 19:24:48'),(344,36,'Как по-английски «50»?','multiple_choice','[\"fifty\", \"fifteen\", \"fivety\", \"fifthty\"]','fifty','2025-05-30 19:26:59'),(345,36,'Как спросить \"Сколько времени?\"?','multiple_choice','[\"What time is it?\", \"How are you?\", \"What is the date?\", \"How much is it?\"]','What time is it?','2025-05-30 19:26:59'),(346,36,'Что идёт после \"March\"?','multiple_choice','[\"April\", \"May\", \"February\", \"June\"]','April','2025-05-30 19:26:59'),(347,36,'Как по-английски «Monday»?','multiple_choice','[\"Monday\", \"Moneday\", \"Mondy\", \"Manaday\"]','Monday','2025-05-30 19:26:59'),(348,36,'Как сказать «10:30»?','multiple_choice','[\"half past ten\", \"ten thirty\", \"quarter past ten\", \"quarter to eleven\"]','half past ten','2025-05-30 19:26:59'),(349,36,'Какой месяц идёт перед \"June\"?','multiple_choice','[\"May\", \"April\", \"July\", \"March\"]','May','2025-05-30 19:26:59'),(350,36,'Как по-английски «31»?','multiple_choice','[\"thirty-one\", \"thirty one\", \"thirtyone\", \"thirty and one\"]','thirty-one','2025-05-30 19:26:59'),(351,36,'Напишите по-английски: \"тридцать три\".','input','[]','thirty-three','2025-05-30 19:26:59'),(352,36,'Напишите: \"8 часов утра\".','input','[]','eight o\'clock in the morning','2025-05-30 19:26:59'),(353,36,'Переведите: \"Сегодня пятница\".','input','[]','today is friday','2025-05-30 19:26:59'),(354,36,'Напишите: \"месяц июнь\".','input','[]','june','2025-05-30 19:26:59'),(355,36,'Вставьте: \"It\'s ____ p.m.\" (3).','input','[]','three','2025-05-30 19:26:59'),(356,36,'Переведите: \"Мой день рождения — 25 декабря.\".','input','[]','my birthday is december twenty-fifth','2025-05-30 19:26:59'),(357,36,'Напишите: \"апрель\" по-английски.','input','[]','april','2025-05-30 19:26:59');
/*!40000 ALTER TABLE `test_questions` ENABLE KEYS */;
UNLOCK TABLES;

--
-- Table structure for table `tests`
--

DROP TABLE IF EXISTS `tests`;
/*!40101 SET @saved_cs_client     = @@character_set_client */;
/*!50503 SET character_set_client = utf8mb4 */;
CREATE TABLE `tests` (
  `id` int NOT NULL AUTO_INCREMENT,
  `level_id` int NOT NULL,
  `title` varchar(255) NOT NULL,
  `description` text,
  `sequence` int NOT NULL,
  `created_at` timestamp NULL DEFAULT CURRENT_TIMESTAMP,
  `updated_at` timestamp NULL DEFAULT CURRENT_TIMESTAMP ON UPDATE CURRENT_TIMESTAMP,
  `order_id` int NOT NULL DEFAULT '1',
  PRIMARY KEY (`id`),
  KEY `level_id` (`level_id`),
  CONSTRAINT `tests_ibfk_1` FOREIGN KEY (`level_id`) REFERENCES `module_levels` (`id`)
) ENGINE=InnoDB AUTO_INCREMENT=54 DEFAULT CHARSET=utf8mb4 COLLATE=utf8mb4_0900_ai_ci;
/*!40101 SET character_set_client = @saved_cs_client */;

--
-- Dumping data for table `tests`
--

LOCK TABLES `tests` WRITE;
/*!40000 ALTER TABLE `tests` DISABLE KEYS */;
INSERT INTO `tests` VALUES (33,1,'Алфавит и правописание','Проверьте свои знания английского алфавита (A–Z) и навыки правописания простых слов.',1,'2025-05-30 18:04:28','2025-05-30 18:04:28',1),(34,1,'Приветствия и знакомства','Проверьте знания фраз приветствия и простых вопросов для знакомства на английском.',2,'2025-05-30 18:05:25','2025-05-30 18:09:40',2),(36,1,'Числа, даты и время','Проверьте знания чисел от 1 до 100, умения называть дни, месяцы и спрашивать время.',3,'2025-05-30 18:10:40','2025-05-30 18:10:40',1),(37,1,'Семья и личная информация','Проверьте знание слов о семье и фраз для рассказа о себе: возраст, национальность, профессия.',4,'2025-05-30 18:11:59','2025-05-30 18:11:59',1),(38,1,'Цвета, формы и описания','Проверьте знания основных цветов, форм и простых прилагательных для описания объектов.',5,'2025-05-30 18:17:17','2025-05-30 18:17:17',1),(39,1,'Еда и заказ в кафе','Проверьте знание слов для еды и напитков и фраз для заказа в кафе.',6,'2025-05-30 18:20:08','2025-05-30 18:20:08',1),(40,1,'Распорядок дня и хобби','Проверьте знание фраз для описания распорядка дня и хобби на английском.',7,'2025-05-30 18:21:51','2025-05-30 18:21:51',1),(41,1,'В городе: направления и места','Проверьте знание лексики мест и фраз для указания направления на английском.',8,'2025-05-30 18:23:06','2025-05-30 18:23:06',1),(42,1,'Погода и времена года','Проверьте знание слов для описания погоды и сезонов и умение задавать вопросы о погоде.',9,'2025-05-30 18:25:49','2025-05-30 18:25:49',1),(43,1,'Покупки и деньги','Проверьте знание фраз для покупок, вопросов о цене и оплаты на английском.',10,'2025-05-30 18:27:24','2025-05-30 18:27:24',1),(44,2,'Present Perfect vs Past Simple','Test your understanding of Present Perfect for experiences and recent actions versus Past Simple for completed past events.',1,'2025-05-30 19:13:23','2025-05-30 19:13:23',1),(45,2,'Past Continuous & Interrupted Actions','Test your knowledge of Past Continuous (was/were + -ing) and its use with Past Simple to show interruptions.',2,'2025-05-30 19:13:23','2025-05-30 19:13:23',1),(46,2,'Future Forms: will, going to & Present Continuous','Test when to use \"will\" for decisions, \"going to\" for plans, and Present Continuous for fixed arrangements.',3,'2025-05-30 19:13:23','2025-05-30 19:13:23',1),(47,2,'First & Second Conditional Sentences','Test real and hypothetical conditionals: First Conditional (If + present simple → will) and Second Conditional (If + past simple → would).',4,'2025-05-30 19:13:23','2025-05-30 19:13:23',1),(48,2,'Modal Verbs for Advice, Obligation & Deduction','Test your use of must/have to for obligation, should/ought to for advice, and may/might/can’t for possibility and deduction.',5,'2025-05-30 19:13:23','2025-05-30 19:13:23',1),(49,3,'Mixed & Third Conditionals','Test your mastery of Third Conditional (If + past perfect → would have + past participle) and mixed conditional structures.',1,'2025-05-30 19:13:23','2025-05-30 19:13:23',1),(50,3,'Advanced Passive & Causative Constructions','Test all passive forms—including perfect, modal, and get-passive—and causative have/get structures.',2,'2025-05-30 19:13:23','2025-05-30 19:13:23',1),(51,3,'Nominalisation & Formal Register','Test your ability to convert verbs and adjectives into abstract nouns (nominalisation) and use formal register.',3,'2025-05-30 19:13:23','2025-05-30 19:13:23',1),(52,3,'Cohesion & Discourse Markers','Test your use of advanced linking words (addition, contrast, cause/effect, concession, sequencing) for coherent discourse.',4,'2025-05-30 19:13:23','2025-05-30 19:13:23',1),(53,3,'Idioms, Collocations & Phrasal Verbs in Context','Test high-level idiomatic expressions, common verb–noun collocations, and separable vs. inseparable phrasal verbs.',5,'2025-05-30 19:13:23','2025-05-30 19:13:23',1);
/*!40000 ALTER TABLE `tests` ENABLE KEYS */;
UNLOCK TABLES;

--
-- Table structure for table `user_module_progress`
--

DROP TABLE IF EXISTS `user_module_progress`;
/*!40101 SET @saved_cs_client     = @@character_set_client */;
/*!50503 SET character_set_client = utf8mb4 */;
CREATE TABLE `user_module_progress` (
  `user_id` int NOT NULL,
  `module_id` int NOT NULL,
  `completed_at` timestamp NULL DEFAULT CURRENT_TIMESTAMP,
  PRIMARY KEY (`user_id`,`module_id`),
  KEY `idx_user_module_progress_user_id` (`user_id`),
  KEY `idx_user_module_progress_module_id` (`module_id`),
  CONSTRAINT `user_module_progress_ibfk_1` FOREIGN KEY (`user_id`) REFERENCES `users` (`id`) ON DELETE CASCADE,
  CONSTRAINT `user_module_progress_ibfk_2` FOREIGN KEY (`module_id`) REFERENCES `modules` (`id`) ON DELETE CASCADE
) ENGINE=InnoDB DEFAULT CHARSET=utf8mb4 COLLATE=utf8mb4_0900_ai_ci;
/*!40101 SET character_set_client = @saved_cs_client */;

--
-- Dumping data for table `user_module_progress`
--

LOCK TABLES `user_module_progress` WRITE;
/*!40000 ALTER TABLE `user_module_progress` DISABLE KEYS */;
INSERT INTO `user_module_progress` VALUES (1,75,'2025-05-30 15:40:28'),(1,76,'2025-05-30 15:48:50'),(1,77,'2025-05-30 15:53:31'),(1,78,'2025-05-30 15:56:55'),(1,79,'2025-05-30 16:02:59'),(1,80,'2025-05-30 16:07:14'),(1,81,'2025-05-30 16:09:53'),(1,82,'2025-05-30 16:13:43'),(1,83,'2025-05-30 16:14:40'),(1,84,'2025-05-30 16:18:28'),(1,85,'2025-05-30 16:59:26'),(1,86,'2025-05-30 17:16:16'),(1,87,'2025-05-30 17:28:27'),(1,88,'2025-05-30 17:38:01'),(1,89,'2025-05-30 17:38:33'),(1,90,'2025-05-30 17:53:31'),(1,91,'2025-05-30 17:54:25'),(1,92,'2025-05-30 17:55:04'),(1,93,'2025-05-30 17:55:40'),(1,94,'2025-05-30 17:56:48');
/*!40000 ALTER TABLE `user_module_progress` ENABLE KEYS */;
UNLOCK TABLES;

--
-- Table structure for table `user_test_progress`
--

DROP TABLE IF EXISTS `user_test_progress`;
/*!40101 SET @saved_cs_client     = @@character_set_client */;
/*!50503 SET character_set_client = utf8mb4 */;
CREATE TABLE `user_test_progress` (
  `user_id` int NOT NULL,
  `test_id` int NOT NULL,
  `completed_at` timestamp NULL DEFAULT CURRENT_TIMESTAMP,
  PRIMARY KEY (`user_id`,`test_id`),
  KEY `test_id` (`test_id`),
  CONSTRAINT `user_test_progress_ibfk_1` FOREIGN KEY (`user_id`) REFERENCES `users` (`id`) ON DELETE CASCADE,
  CONSTRAINT `user_test_progress_ibfk_2` FOREIGN KEY (`test_id`) REFERENCES `tests` (`id`) ON DELETE CASCADE
) ENGINE=InnoDB DEFAULT CHARSET=utf8mb4 COLLATE=utf8mb4_0900_ai_ci;
/*!40101 SET character_set_client = @saved_cs_client */;

--
-- Dumping data for table `user_test_progress`
--

LOCK TABLES `user_test_progress` WRITE;
/*!40000 ALTER TABLE `user_test_progress` DISABLE KEYS */;
INSERT INTO `user_test_progress` VALUES (1,33,'2025-05-30 18:44:07'),(1,34,'2025-05-30 19:11:23'),(1,36,'2025-05-30 19:27:46'),(1,37,'2025-05-30 19:28:48'),(1,38,'2025-05-30 19:29:28'),(1,39,'2025-05-30 19:30:08'),(1,40,'2025-05-30 19:31:19'),(1,41,'2025-05-30 19:35:27'),(1,42,'2025-05-30 19:35:48'),(1,43,'2025-05-30 19:40:34'),(1,44,'2025-05-30 19:43:22'),(1,45,'2025-05-30 19:49:52'),(1,46,'2025-05-30 19:50:47'),(1,47,'2025-05-30 19:54:38'),(1,48,'2025-05-30 19:56:46'),(1,49,'2025-05-30 19:59:31'),(1,50,'2025-05-30 20:00:55'),(1,51,'2025-05-30 20:01:22'),(1,52,'2025-05-30 20:01:53'),(1,53,'2025-05-30 20:03:00');
/*!40000 ALTER TABLE `user_test_progress` ENABLE KEYS */;
UNLOCK TABLES;

--
-- Table structure for table `users`
--

DROP TABLE IF EXISTS `users`;
/*!40101 SET @saved_cs_client     = @@character_set_client */;
/*!50503 SET character_set_client = utf8mb4 */;
CREATE TABLE `users` (
  `id` int NOT NULL AUTO_INCREMENT,
  `username` varchar(50) NOT NULL,
  `password` varchar(255) NOT NULL,
  `refresh_token` varchar(255) DEFAULT NULL,
  `created_at` timestamp NULL DEFAULT CURRENT_TIMESTAMP,
  `updated_at` timestamp NULL DEFAULT CURRENT_TIMESTAMP ON UPDATE CURRENT_TIMESTAMP,
  `xp` int DEFAULT '0',
  `modules_completed` int DEFAULT '0',
  `tests_completed` int DEFAULT '0',
  `progress_A_modules` int DEFAULT '0',
  `progress_B_modules` int DEFAULT '0',
  `progress_C_modules` int DEFAULT '0',
  `progress_A_tests` int DEFAULT '0',
  `progress_B_tests` int DEFAULT '0',
  `progress_C_tests` int DEFAULT '0',
  PRIMARY KEY (`id`),
  UNIQUE KEY `username` (`username`)
) ENGINE=InnoDB AUTO_INCREMENT=57 DEFAULT CHARSET=utf8mb4 COLLATE=utf8mb4_0900_ai_ci;
/*!40101 SET character_set_client = @saved_cs_client */;

--
-- Dumping data for table `users`
--

LOCK TABLES `users` WRITE;
/*!40000 ALTER TABLE `users` DISABLE KEYS */;
INSERT INTO `users` VALUES (1,'admin','$2b$10$hPiXvRbVaEFQI4PBwOsLVOflOW./3BgBdKBQ5WrYlrGYsMysEHtLC','eyJhbGciOiJIUzI1NiIsInR5cCI6IkpXVCJ9.eyJ1c2VybmFtZSI6ImFkbWluIiwidXNlcklkIjoxLCJpYXQiOjE3NDg2MzYxODksImV4cCI6MTc0OTI0MDk4OX0.kMn635U5mpc1QARsoKPanpZKyikEv67N9FLSN-qkMKk','2025-05-21 08:15:28','2025-05-30 20:16:29',3144,79,52,10,5,5,10,5,5),(2,'user1','temp',NULL,'2025-05-22 14:59:32','2025-05-22 14:59:32',350,15,10,1,1,0,1,1,0),(3,'user2','temp',NULL,'2025-05-22 14:59:32','2025-05-22 14:59:32',120,7,4,0,0,0,0,0,0),(4,'user3','temp',NULL,'2025-05-22 14:59:32','2025-05-22 14:59:32',275,13,8,1,1,0,1,1,0),(5,'user4','temp',NULL,'2025-05-22 14:59:32','2025-05-22 14:59:32',90,5,2,0,0,0,0,0,0),(6,'user5','temp',NULL,'2025-05-22 14:59:32','2025-05-22 14:59:32',210,12,7,1,0,0,1,0,0),(7,'user6','temp',NULL,'2025-05-22 14:59:32','2025-05-22 14:59:32',60,3,1,0,0,0,0,0,0),(8,'user7','temp',NULL,'2025-05-22 14:59:32','2025-05-22 14:59:32',180,10,6,0,1,0,0,1,0),(9,'user8','temp',NULL,'2025-05-22 14:59:32','2025-05-22 14:59:32',240,14,9,1,1,0,1,1,0),(10,'user9','temp',NULL,'2025-05-22 14:59:32','2025-05-22 14:59:32',130,8,5,0,0,0,0,0,0),(11,'user10','temp',NULL,'2025-05-22 14:59:32','2025-05-22 14:59:32',300,15,10,1,1,1,1,1,1),(12,'admin2','$2b$10$vh91x47E.V1Gb28GpeMFd.KbkMn.iGHG4xpKBh8Td8sTNILxMbP.q','eyJhbGciOiJIUzI1NiIsInR5cCI6IkpXVCJ9.eyJ1c2VybmFtZSI6ImFkbWluMiIsInVzZXJJZCI6MTIsImlhdCI6MTc0ODMwMjc0MSwiZXhwIjoxNzQ4OTA3NTQxfQ.IItNwUGGhVCxv9JBXfrb2373vgocMrHhTd1YhBpmb18','2025-05-26 22:25:59','2025-05-26 23:39:01',0,0,0,0,0,0,0,0,0),(13,'userA','passA123!',NULL,'2025-05-29 19:09:42','2025-05-29 19:09:42',1401,0,0,0,0,0,0,0,0),(14,'userB','passB456!',NULL,'2025-05-29 19:09:42','2025-05-29 19:09:42',1381,0,0,0,0,0,0,0,0),(15,'userC','passC789!',NULL,'2025-05-29 19:09:42','2025-05-29 19:09:42',1201,0,0,0,0,0,0,0,0),(16,'userD','passD321!',NULL,'2025-05-29 19:09:42','2025-05-29 19:09:42',365,0,0,0,0,0,0,0,0),(17,'userE','passE654!',NULL,'2025-05-29 19:09:42','2025-05-29 19:09:42',1220,0,0,0,0,0,0,0,0),(18,'userF','passF987!',NULL,'2025-05-29 19:09:42','2025-05-29 19:09:42',505,0,0,0,0,0,0,0,0),(19,'userG','passG135!',NULL,'2025-05-29 19:09:42','2025-05-29 19:09:42',365,0,0,0,0,0,0,0,0),(20,'userH','passH246!',NULL,'2025-05-29 19:09:42','2025-05-29 19:09:42',312,0,0,0,0,0,0,0,0),(21,'userI','passI357!',NULL,'2025-05-29 19:09:42','2025-05-29 19:09:42',465,0,0,0,0,0,0,0,0),(22,'userJ','passJ468!',NULL,'2025-05-29 19:09:42','2025-05-29 19:09:42',1390,0,0,0,0,0,0,0,0),(23,'userK','passK579!',NULL,'2025-05-29 19:09:42','2025-05-29 19:09:42',1053,0,0,0,0,0,0,0,0),(24,'userL','passL680!',NULL,'2025-05-29 19:09:42','2025-05-29 19:09:42',1098,0,0,0,0,0,0,0,0),(25,'userM','passM791!',NULL,'2025-05-29 19:09:42','2025-05-29 19:09:42',832,0,0,0,0,0,0,0,0),(26,'userN','passN802!',NULL,'2025-05-29 19:09:42','2025-05-29 19:09:42',866,0,0,0,0,0,0,0,0),(27,'userO','passO913!',NULL,'2025-05-29 19:09:42','2025-05-29 19:09:42',332,0,0,0,0,0,0,0,0),(28,'userP','passP024!',NULL,'2025-05-29 19:09:42','2025-05-29 19:09:42',565,0,0,0,0,0,0,0,0),(29,'userQ','passQ135!',NULL,'2025-05-29 19:09:42','2025-05-29 19:09:42',330,0,0,0,0,0,0,0,0),(30,'userR','passR246!',NULL,'2025-05-29 19:09:42','2025-05-29 19:09:42',1456,0,0,0,0,0,0,0,0),(31,'userS','passS357!',NULL,'2025-05-29 19:09:42','2025-05-29 19:09:42',291,0,0,0,0,0,0,0,0),(32,'userT','passT468!',NULL,'2025-05-29 19:09:42','2025-05-29 19:09:42',85,0,0,0,0,0,0,0,0),(33,'userU','passU159!',NULL,'2025-05-29 19:10:23','2025-05-29 19:10:23',1055,0,0,0,0,0,0,0,0),(34,'userV','passV753!',NULL,'2025-05-29 19:10:23','2025-05-29 19:10:23',519,0,0,0,0,0,0,0,0),(35,'userW','passW951!',NULL,'2025-05-29 19:10:23','2025-05-29 19:10:23',931,0,0,0,0,0,0,0,0),(36,'userX','passX357!',NULL,'2025-05-29 19:10:23','2025-05-29 19:10:23',98,0,0,0,0,0,0,0,0),(37,'userY','passY258!',NULL,'2025-05-29 19:10:23','2025-05-29 19:10:23',696,0,0,0,0,0,0,0,0),(38,'userZ','passZ654!',NULL,'2025-05-29 19:10:23','2025-05-29 19:10:23',189,0,0,0,0,0,0,0,0),(39,'userAA','passAA852!',NULL,'2025-05-29 19:10:23','2025-05-29 19:10:23',357,0,0,0,0,0,0,0,0),(40,'userBB','passBB147!',NULL,'2025-05-29 19:10:23','2025-05-29 19:10:23',1217,0,0,0,0,0,0,0,0),(41,'userCC','passCC369!',NULL,'2025-05-29 19:10:23','2025-05-29 19:10:23',513,0,0,0,0,0,0,0,0),(42,'userDD','passDD741!',NULL,'2025-05-29 19:10:23','2025-05-29 19:10:23',418,0,0,0,0,0,0,0,0),(43,'userEE','passEE963!',NULL,'2025-05-29 19:10:23','2025-05-29 19:10:23',551,0,0,0,0,0,0,0,0),(44,'userFF','passFF258!',NULL,'2025-05-29 19:10:23','2025-05-29 19:10:23',1499,0,0,0,0,0,0,0,0),(45,'userGG','passGG456!',NULL,'2025-05-29 19:10:23','2025-05-29 19:10:23',1345,0,0,0,0,0,0,0,0),(46,'userHH','passHH789!',NULL,'2025-05-29 19:10:23','2025-05-29 19:10:23',729,0,0,0,0,0,0,0,0),(47,'userII','passII123!',NULL,'2025-05-29 19:10:23','2025-05-29 19:10:23',1108,0,0,0,0,0,0,0,0),(48,'userJJ','passJJ321!',NULL,'2025-05-29 19:10:23','2025-05-29 19:10:23',353,0,0,0,0,0,0,0,0),(49,'userKK','passKK654!',NULL,'2025-05-29 19:10:23','2025-05-29 19:10:23',1444,0,0,0,0,0,0,0,0),(50,'userLL','passLL987!',NULL,'2025-05-29 19:10:23','2025-05-29 19:10:23',160,0,0,0,0,0,0,0,0),(51,'userMM','passMM135!',NULL,'2025-05-29 19:10:23','2025-05-29 19:10:23',969,0,0,0,0,0,0,0,0),(52,'userNN','passNN246!',NULL,'2025-05-29 19:10:23','2025-05-29 19:10:23',1367,0,0,0,0,0,0,0,0),(53,'admin3','$2b$10$FAeVzlTtRa12atFF2LYQMecUXFWlXpm5WQsscFBxGeNgWHzAkNjTe','eyJhbGciOiJIUzI1NiIsInR5cCI6IkpXVCJ9.eyJ1c2VybmFtZSI6ImFkbWluMyIsInVzZXJJZCI6NTMsImlhdCI6MTc0ODU0NjE5OSwiZXhwIjoxNzQ5MTUwOTk5fQ.uzdEZtKlvzXchHPe5NnEspIbvRd8MAWVdNRAHE_vVyU','2025-05-29 19:13:26','2025-05-29 19:16:39',0,0,0,0,0,0,0,0,0),(54,'admin4','$2b$10$HqMAte10Wpjb/s5hljnZpOaaNL3XxQi4omEt.f2c4C7LrB67USahe','eyJhbGciOiJIUzI1NiIsInR5cCI6IkpXVCJ9.eyJ1c2VybmFtZSI6ImFkbWluNCIsInVzZXJJZCI6NTQsImlhdCI6MTc0ODYzNjk2OSwiZXhwIjoxNzQ5MjQxNzY5fQ.9oavxSWAcuX1U4X2FyTWYFEl4elwo31AqRkQQs0kP_Q','2025-05-30 02:23:06','2025-05-30 20:29:29',0,0,0,0,0,0,0,0,0),(55,'aa','$2b$10$x0qW7K3GQcqNu3/xbpaoQ.miOltOEH1qMiWSkYw/rvdSjnBnnywvi',NULL,'2025-05-30 02:35:19','2025-05-30 02:35:19',0,0,0,0,0,0,0,0,0),(56,'admin5','$2b$10$nnBLFRc7rKJ8TMZ0/KSLU.iJfYmaAxpikVlX9q7TQolXg99/xse1q',NULL,'2025-05-30 20:44:42','2025-05-30 20:44:42',0,0,0,0,0,0,0,0,0);
/*!40000 ALTER TABLE `users` ENABLE KEYS */;
UNLOCK TABLES;
/*!40103 SET TIME_ZONE=@OLD_TIME_ZONE */;

/*!40101 SET SQL_MODE=@OLD_SQL_MODE */;
/*!40014 SET FOREIGN_KEY_CHECKS=@OLD_FOREIGN_KEY_CHECKS */;
/*!40014 SET UNIQUE_CHECKS=@OLD_UNIQUE_CHECKS */;
/*!40101 SET CHARACTER_SET_CLIENT=@OLD_CHARACTER_SET_CLIENT */;
/*!40101 SET CHARACTER_SET_RESULTS=@OLD_CHARACTER_SET_RESULTS */;
/*!40101 SET COLLATION_CONNECTION=@OLD_COLLATION_CONNECTION */;
/*!40111 SET SQL_NOTES=@OLD_SQL_NOTES */;

-- Dump completed on 2025-05-31  2:50:53
